# benchmark_run_at,2026-06-15T04:19:29.233Z
# screen_width,1890
# screen_height,1071
# px_per_degree,45
# grid,8x4
# dwell_ms,1500
# total_samples,578
# cells_covered,32/32
# mean_error_px,322.66
# median_error_px,307.27
# mean_error_deg,7.17
# median_error_deg,6.83
# hit_rate_pct,18.75
# sample_rate_hz,25.13
# tracking_loss_pct,0.00
# inference_latency_median_ms,47.75
# inference_latency_p95_ms,69.20
# pipeline_latency_median_ms,56.25
# pipeline_latency_p95_ms,69.80

# --- per-sample ---
timestamp_ms,cell_index,cell_row,cell_col,target_x,target_y,gaze_x,gaze_y,error_px
27595.40,0,0,0,118.13,133.88,12.68,407.43,293.17
27631.90,0,0,0,118.13,133.88,-20.80,436.12,332.65
27668.60,0,0,0,118.13,133.88,-26.06,471.12,366.78
27705.50,0,0,0,118.13,133.88,-22.91,451.21,347.27
27741.70,0,0,0,118.13,133.88,-38.07,457.07,358.96
27779.70,0,0,0,118.13,133.88,-54.25,458.35,367.42
27826.20,0,0,0,118.13,133.88,-60.05,457.20,369.17
27864.00,0,0,0,118.13,133.88,-60.41,452.64,365.36
27900.60,0,0,0,118.13,133.88,-60.41,452.64,365.36
28065.50,0,0,0,118.13,133.88,184.44,306.42,184.85
28102.60,0,0,0,118.13,133.88,206.84,303.59,191.50
28140.60,0,0,0,118.13,133.88,203.63,303.96,190.36
28179.20,0,0,0,118.13,133.88,211.38,304.78,194.69
28227.10,0,0,0,118.13,133.88,220.45,307.32,201.38
28264.10,0,0,0,118.13,133.88,229.28,310.60,208.78
28299.70,0,0,0,118.13,133.88,236.23,313.75,215.18
28809.20,1,0,1,354.38,133.88,291.22,330.77,206.78
28860.60,1,0,1,354.38,133.88,298.20,333.84,207.70
28897.40,1,0,1,354.38,133.88,305.23,338.03,209.99
28935.60,1,0,1,354.38,133.88,312.92,342.62,212.82
28972.90,1,0,1,354.38,133.88,312.92,342.62,212.82
29010.80,1,0,1,354.38,133.88,323.26,348.57,216.94
29062.90,1,0,1,354.38,133.88,334.82,354.10,221.09
29099.40,1,0,1,354.38,133.88,334.82,354.10,221.09
29212.00,1,0,1,354.38,133.88,759.92,557.30,586.31
29262.60,1,0,1,354.38,133.88,727.76,580.10,581.83
29299.00,1,0,1,354.38,133.88,730.76,581.76,585.03
29335.60,1,0,1,354.38,133.88,731.43,594.58,595.33
29373.70,1,0,1,354.38,133.88,731.43,594.58,595.33
29412.50,1,0,1,354.38,133.88,742.88,591.73,600.47
29460.70,1,0,1,354.38,133.88,751.19,584.56,600.48
29497.30,1,0,1,354.38,133.88,751.19,584.56,600.48
29695.60,1,0,1,354.38,133.88,245.57,439.96,324.85
29732.40,1,0,1,354.38,133.88,198.00,426.41,331.71
29769.20,1,0,1,354.38,133.88,162.39,421.97,346.21
29809.10,1,0,1,354.38,133.88,113.42,398.72,358.05
30498.60,2,0,2,590.63,133.88,815.62,27.30,248.96
30535.70,2,0,2,590.63,133.88,857.25,-73.06,337.50
30660.30,2,0,2,590.63,133.88,895.42,-233.04,477.00
30698.30,2,0,2,590.63,133.88,913.78,-258.45,508.28
30736.10,2,0,2,590.63,133.88,895.30,-252.10,491.73
30774.80,2,0,2,590.63,133.88,895.30,-252.10,491.73
31257.90,2,0,2,590.63,133.88,991.31,708.93,700.88
31296.60,2,0,2,590.63,133.88,1039.39,680.84,707.50
31332.80,2,0,2,590.63,133.88,1038.39,645.02,679.53
31862.40,3,0,3,826.88,133.88,701.54,62.40,144.29
31898.60,3,0,3,826.88,133.88,701.54,62.40,144.29
31934.90,3,0,3,826.88,133.88,664.87,82.12,170.07
31972.30,3,0,3,826.88,133.88,664.87,82.12,170.07
32057.90,3,0,3,826.88,133.88,640.11,276.27,234.86
32097.30,3,0,3,826.88,133.88,688.93,309.15,223.05
32135.00,3,0,3,826.88,133.88,707.07,292.47,198.76
32173.40,3,0,3,826.88,133.88,759.17,274.84,156.38
32298.70,3,0,3,826.88,133.88,944.91,308.29,210.60
32334.60,3,0,3,826.88,133.88,963.69,330.58,239.61
32372.10,3,0,3,826.88,133.88,952.61,326.59,230.11
32409.00,3,0,3,826.88,133.88,946.18,332.00,231.27
32460.90,3,0,3,826.88,133.88,938.13,335.33,230.13
32499.60,3,0,3,826.88,133.88,929.25,337.58,227.98
32537.80,3,0,3,826.88,133.88,922.34,341.08,228.14
32574.80,3,0,3,826.88,133.88,913.25,345.19,228.29
32629.20,3,0,3,826.88,133.88,903.80,350.03,229.44
32666.00,3,0,3,826.88,133.88,897.92,353.75,231.07
32703.50,3,0,3,826.88,133.88,897.92,353.75,231.07
32833.00,3,0,3,826.88,133.88,1050.74,419.56,362.95
33806.50,4,0,4,1063.13,133.88,1439.07,-111.01,448.67
33845.30,4,0,4,1063.13,133.88,1421.05,-24.11,391.24
33896.50,4,0,4,1063.13,133.88,1417.63,35.05,368.02
33933.60,4,0,4,1063.13,133.88,1423.63,-3.82,385.91
33971.40,4,0,4,1063.13,133.88,1423.63,-3.82,385.91
34133.60,4,0,4,1063.13,133.88,1096.68,411.94,280.08
34171.90,4,0,4,1063.13,133.88,977.54,429.62,307.87
34211.50,4,0,4,1063.13,133.88,954.10,412.48,299.18
34262.70,4,0,4,1063.13,133.88,992.84,423.56,298.09
34298.80,4,0,4,1063.13,133.88,986.75,429.52,305.35
34335.60,4,0,4,1063.13,133.88,989.95,431.69,306.67
34865.80,5,0,5,1299.38,133.88,962.45,381.29,418.01
34902.60,5,0,5,1299.38,133.88,970.87,384.40,413.13
34940.60,5,0,5,1299.38,133.88,981.35,386.09,405.90
34979.90,5,0,5,1299.38,133.88,994.40,387.19,396.46
35029.80,5,0,5,1299.38,133.88,1010.24,387.76,384.78
35066.20,5,0,5,1299.38,133.88,1026.56,387.36,372.40
35103.00,5,0,5,1299.38,133.88,1043.33,385.90,359.27
35140.20,5,0,5,1299.38,133.88,1059.29,384.31,346.93
35178.40,5,0,5,1299.38,133.88,1075.73,383.34,335.04
35226.90,5,0,5,1299.38,133.88,1091.74,382.60,324.00
35264.00,5,0,5,1299.38,133.88,1107.81,381.43,313.01
35300.80,5,0,5,1299.38,133.88,1124.50,380.30,302.17
35337.80,5,0,5,1299.38,133.88,1124.50,380.30,302.17
35578.40,5,0,5,1299.38,133.88,1772.21,62.12,478.24
35629.20,5,0,5,1299.38,133.88,1783.31,79.12,487.02
35665.50,5,0,5,1299.38,133.88,1773.19,81.44,476.71
35702.30,5,0,5,1299.38,133.88,1773.19,81.44,476.71
35740.10,5,0,5,1299.38,133.88,1763.23,99.43,465.13
35778.30,5,0,5,1299.38,133.88,1753.82,109.51,455.09
35829.10,5,0,5,1299.38,133.88,1738.14,116.82,439.10
35866.00,5,0,5,1299.38,133.88,1738.14,116.82,439.10
36637.00,6,0,6,1535.63,133.88,1457.92,109.25,81.52
36675.60,6,0,6,1535.63,133.88,1504.68,62.07,78.19
36729.70,6,0,6,1535.63,133.88,1531.81,12.87,121.07
36766.30,6,0,6,1535.63,133.88,1512.36,33.38,103.16
36802.90,6,0,6,1535.63,133.88,1523.88,8.92,125.50
36840.00,6,0,6,1535.63,133.88,1523.88,8.92,125.50
36929.70,6,0,6,1535.63,133.88,1524.47,-226.05,360.09
36966.50,6,0,6,1535.63,133.88,1528.95,-256.88,390.81
37004.80,6,0,6,1535.63,133.88,1583.86,-274.74,411.45
37291.80,6,0,6,1535.63,133.88,2122.82,-256.80,705.28
37329.90,6,0,6,1535.63,133.88,2158.04,-259.45,736.28
37365.40,6,0,6,1535.63,133.88,2142.33,-256.01,721.18
37401.80,6,0,6,1535.63,133.88,2142.33,-256.01,721.18
37910.20,7,0,7,1771.88,133.88,2072.77,31.00,318.00
37962.30,7,0,7,1771.88,133.88,2069.37,35.36,313.38
37998.00,7,0,7,1771.88,133.88,2069.37,35.36,313.38
38162.90,7,0,7,1771.88,133.88,1889.10,723.42,601.08
38199.10,7,0,7,1771.88,133.88,1878.06,635.51,512.75
38470.30,7,0,7,1771.88,133.88,1875.65,2.43,167.47
38508.50,7,0,7,1771.88,133.88,1876.40,-34.42,198.12
38562.30,7,0,7,1771.88,133.88,1829.03,-98.75,239.54
38762.90,7,0,7,1771.88,133.88,1658.44,-147.16,303.07
38799.40,7,0,7,1771.88,133.88,1624.50,-129.24,301.57
38835.80,7,0,7,1771.88,133.88,1597.82,-54.27,256.31
39866.30,8,1,0,118.13,401.63,265.67,337.76,160.78
39902.50,8,1,0,118.13,401.63,281.29,350.14,171.10
39939.70,8,1,0,118.13,401.63,286.18,346.34,176.92
39978.20,8,1,0,118.13,401.63,301.16,349.42,190.34
40029.40,8,1,0,118.13,401.63,313.08,353.39,200.84
40065.20,8,1,0,118.13,401.63,320.70,360.84,206.64
40100.90,8,1,0,118.13,401.63,328.05,369.79,212.33
40137.80,8,1,0,118.13,401.63,328.05,369.79,212.33
40232.90,8,1,0,118.13,401.63,457.75,511.66,357.00
40269.50,8,1,0,118.13,401.63,486.80,515.31,385.80
40306.60,8,1,0,118.13,401.63,478.30,520.45,379.27
40344.20,8,1,0,118.13,401.63,478.53,529.47,382.41
40396.00,8,1,0,118.13,401.63,478.53,529.47,382.41
41000.40,9,1,1,354.38,401.63,793.93,273.74,457.78
41037.00,9,1,1,354.38,401.63,811.72,267.64,476.57
41074.60,9,1,1,354.38,401.63,796.46,278.02,459.04
41114.20,9,1,1,354.38,401.63,799.90,276.98,462.63
41159.30,9,1,1,354.38,401.63,799.29,277.85,461.81
41197.10,9,1,1,354.38,401.63,801.41,277.68,463.90
41233.60,9,1,1,354.38,401.63,800.16,278.87,462.37
41269.50,9,1,1,354.38,401.63,798.34,277.84,460.89
41306.80,9,1,1,354.38,401.63,797.60,277.34,460.32
41346.30,9,1,1,354.38,401.63,797.60,277.34,460.32
41396.30,9,1,1,354.38,401.63,798.96,273.48,462.69
41432.40,9,1,1,354.38,401.63,801.22,270.21,465.77
41469.20,9,1,1,354.38,401.63,803.13,267.43,468.39
41506.80,9,1,1,354.38,401.63,803.13,267.43,468.39
41548.10,9,1,1,354.38,401.63,808.30,258.10,476.07
41595.40,9,1,1,354.38,401.63,808.30,258.10,476.07
41832.20,9,1,1,354.38,401.63,490.99,-15.14,438.59
41868.80,9,1,1,354.38,401.63,385.72,2.31,400.54
41907.60,9,1,1,354.38,401.63,379.09,39.09,363.37
41962.00,9,1,1,354.38,401.63,403.29,30.84,374.00
42975.50,10,1,2,590.63,401.63,970.53,351.34,383.22
43025.50,10,1,2,590.63,401.63,951.70,300.65,374.92
43065.20,10,1,2,590.63,401.63,957.00,321.23,375.09
43102.30,10,1,2,590.63,401.63,954.09,322.56,371.97
43140.10,10,1,2,590.63,401.63,952.20,331.47,368.32
43176.60,10,1,2,590.63,401.63,946.85,340.21,361.48
43224.60,10,1,2,590.63,401.63,946.85,340.21,361.48
43311.40,10,1,2,590.63,401.63,801.64,436.19,213.83
43363.30,10,1,2,590.63,401.63,769.85,430.41,181.52
43400.60,10,1,2,590.63,401.63,767.27,436.91,180.14
43439.00,10,1,2,590.63,401.63,755.08,438.54,168.55
43476.40,10,1,2,590.63,401.63,755.08,438.54,168.55
43997.80,11,1,3,826.88,401.63,893.54,401.77,66.67
44035.20,11,1,3,826.88,401.63,893.54,401.77,66.67
44073.90,11,1,3,826.88,401.63,885.69,416.50,60.67
44110.80,11,1,3,826.88,401.63,885.69,416.50,60.67
44157.00,11,1,3,826.88,401.63,878.60,432.27,60.12
44193.40,11,1,3,826.88,401.63,874.13,449.28,67.11
44230.90,11,1,3,826.88,401.63,872.17,463.05,76.32
44267.50,11,1,3,826.88,401.63,869.23,470.71,81.03
44304.90,11,1,3,826.88,401.63,869.23,470.71,81.03
44390.50,11,1,3,826.88,401.63,815.06,385.72,19.82
44428.90,11,1,3,826.88,401.63,787.09,369.02,51.44
44465.00,11,1,3,826.88,401.63,797.62,374.42,39.95
44502.00,11,1,3,826.88,401.63,797.62,374.42,39.95
44540.00,11,1,3,826.88,401.63,785.03,369.47,52.78
44576.60,11,1,3,826.88,401.63,777.98,367.50,59.62
44623.70,11,1,3,826.88,401.63,775.81,368.00,61.14
44661.90,11,1,3,826.88,401.63,778.73,368.29,58.56
44698.30,11,1,3,826.88,401.63,785.65,368.21,53.06
44736.00,11,1,3,826.88,401.63,794.31,367.69,47.03
44774.40,11,1,3,826.88,401.63,802.93,367.40,41.77
44814.00,11,1,3,826.88,401.63,812.53,367.46,37.06
44862.50,11,1,3,826.88,401.63,822.79,367.79,34.08
44898.50,11,1,3,826.88,401.63,822.79,367.79,34.08
44933.70,11,1,3,826.88,401.63,835.79,369.44,33.39
44969.80,11,1,3,826.88,401.63,848.83,372.37,36.58
45007.00,11,1,3,826.88,401.63,860.27,376.39,41.85
45528.50,12,1,4,1063.13,401.63,1113.70,157.75,249.07
45564.10,12,1,4,1063.13,401.63,1113.70,157.75,249.07
45599.40,12,1,4,1063.13,401.63,1089.13,160.41,242.61
45635.70,12,1,4,1063.13,401.63,1077.78,169.36,232.72
45673.40,12,1,4,1063.13,401.63,1077.78,169.36,232.72
45993.00,12,1,4,1063.13,401.63,1262.69,786.79,433.79
46030.50,12,1,4,1063.13,401.63,1291.70,734.19,403.54
46066.50,12,1,4,1063.13,401.63,1278.86,753.51,412.75
46103.80,12,1,4,1063.13,401.63,1275.06,758.26,414.86
46141.60,12,1,4,1063.13,401.63,1271.27,754.45,409.64
46180.80,12,1,4,1063.13,401.63,1266.46,748.40,401.99
46240.50,12,1,4,1063.13,401.63,1252.90,742.31,389.98
46279.10,12,1,4,1063.13,401.63,1242.56,736.46,379.89
46326.60,12,1,4,1063.13,401.63,1233.61,731.45,371.28
46366.80,12,1,4,1063.13,401.63,1227.66,725.97,363.69
46404.90,12,1,4,1063.13,401.63,1227.66,725.97,363.69
46496.10,12,1,4,1063.13,401.63,1134.51,556.20,170.27
46533.20,12,1,4,1063.13,401.63,1137.60,516.47,136.87
47045.80,13,1,5,1299.38,401.63,1386.48,570.72,190.21
47092.10,13,1,5,1299.38,401.63,1407.10,591.94,218.68
47129.60,13,1,5,1299.38,401.63,1404.10,592.24,217.49
47166.20,13,1,5,1299.38,401.63,1404.10,592.24,217.49
47202.50,13,1,5,1299.38,401.63,1418.94,586.51,220.18
47241.00,13,1,5,1299.38,401.63,1426.35,581.57,220.24
47295.00,13,1,5,1299.38,401.63,1432.26,574.63,218.15
47331.50,13,1,5,1299.38,401.63,1437.21,567.30,215.52
47366.80,13,1,5,1299.38,401.63,1440.00,563.30,214.27
47402.80,13,1,5,1299.38,401.63,1437.70,561.49,211.41
47441.10,13,1,5,1299.38,401.63,1437.70,561.49,211.41
47528.90,13,1,5,1299.38,401.63,1194.11,542.30,175.70
47565.60,13,1,5,1299.38,401.63,1129.88,536.81,216.80
47638.70,13,1,5,1299.38,401.63,1085.09,531.73,250.69
47676.10,13,1,5,1299.38,401.63,1116.57,530.69,223.78
47727.00,13,1,5,1299.38,401.63,1107.16,527.86,229.96
47765.00,13,1,5,1299.38,401.63,1107.16,527.86,229.96
47876.40,13,1,5,1299.38,401.63,1360.57,491.28,108.55
47924.80,13,1,5,1299.38,401.63,1391.83,446.76,102.89
47963.00,13,1,5,1299.38,401.63,1395.78,460.26,112.84
47999.30,13,1,5,1299.38,401.63,1414.82,459.36,129.07
48035.80,13,1,5,1299.38,401.63,1428.36,457.80,140.69
48540.50,14,1,6,1535.63,401.63,1451.66,536.04,158.49
48579.30,14,1,6,1535.63,401.63,1444.68,547.08,171.54
48628.80,14,1,6,1535.63,401.63,1438.33,557.94,184.12
48665.00,14,1,6,1535.63,401.63,1432.49,568.11,195.84
48701.20,14,1,6,1535.63,401.63,1427.02,577.50,206.71
48738.10,14,1,6,1535.63,401.63,1421.58,586.33,217.08
48775.20,14,1,6,1535.63,401.63,1416.22,594.90,227.18
48825.90,14,1,6,1535.63,401.63,1411.45,603.78,237.25
48865.10,14,1,6,1535.63,401.63,1407.50,612.46,246.71
48902.70,14,1,6,1535.63,401.63,1407.50,612.46,246.71
49076.50,14,1,6,1535.63,401.63,1526.65,1032.04,630.48
49125.20,14,1,6,1535.63,401.63,1564.12,1035.95,634.96
49166.70,14,1,6,1535.63,401.63,1564.58,1032.64,631.68
49203.20,14,1,6,1535.63,401.63,1564.58,1032.64,631.68
49471.30,14,1,6,1535.63,401.63,1975.34,308.74,449.42
49510.20,14,1,6,1535.63,401.63,1999.97,352.51,466.94
49561.60,14,1,6,1535.63,401.63,1991.35,401.69,455.72
50075.20,15,1,7,1771.88,401.63,1693.37,605.01,218.01
50129.20,15,1,7,1771.88,401.63,1695.10,584.28,198.13
50166.10,15,1,7,1771.88,401.63,1695.10,584.28,198.13
50204.00,15,1,7,1771.88,401.63,1703.28,559.99,172.58
50242.00,15,1,7,1771.88,401.63,1703.28,559.99,172.58
50296.60,15,1,7,1771.88,401.63,1713.55,534.54,145.15
50332.90,15,1,7,1771.88,401.63,1713.55,534.54,145.15
50369.50,15,1,7,1771.88,401.63,1729.10,521.59,127.36
50407.10,15,1,7,1771.88,401.63,1729.10,521.59,127.36
50445.70,15,1,7,1771.88,401.63,1747.29,513.05,114.11
50494.20,15,1,7,1771.88,401.63,1762.85,508.86,107.62
50530.60,15,1,7,1771.88,401.63,1775.00,508.70,107.12
50566.30,15,1,7,1771.88,401.63,1775.00,508.70,107.12
50730.30,15,1,7,1771.88,401.63,1717.43,688.87,292.36
50766.30,15,1,7,1771.88,401.63,1706.00,667.67,274.08
50802.60,15,1,7,1771.88,401.63,1707.86,668.33,274.28
50841.30,15,1,7,1771.88,401.63,1709.21,653.75,259.80
50878.00,15,1,7,1771.88,401.63,1712.42,638.61,244.33
50930.60,15,1,7,1771.88,401.63,1714.87,619.54,225.25
50967.30,15,1,7,1771.88,401.63,1717.43,600.26,205.96
51003.90,15,1,7,1771.88,401.63,1719.65,580.86,186.69
51041.70,15,1,7,1771.88,401.63,1720.58,563.97,170.26
51081.70,15,1,7,1771.88,401.63,1720.58,563.97,170.26
51901.20,16,2,0,118.13,669.38,542.84,735.04,429.77
51946.00,16,2,0,118.13,669.38,519.65,714.07,404.00
51990.60,16,2,0,118.13,669.38,478.18,646.59,360.78
52226.20,16,2,0,118.13,669.38,405.07,455.67,357.78
52263.70,16,2,0,118.13,669.38,398.10,388.79,396.38
52338.50,16,2,0,118.13,669.38,422.43,328.00,457.32
52376.50,16,2,0,118.13,669.38,434.44,313.06,476.46
52428.00,16,2,0,118.13,669.38,429.02,324.39,464.41
52466.40,16,2,0,118.13,669.38,435.34,320.44,471.57
52504.00,16,2,0,118.13,669.38,440.62,321.64,474.26
52541.80,16,2,0,118.13,669.38,440.62,321.64,474.26
52595.60,16,2,0,118.13,669.38,459.40,326.75,483.59
53144.40,17,2,1,354.38,669.38,1076.15,732.21,724.50
53196.50,17,2,1,354.38,669.38,1055.02,709.29,701.78
53231.90,17,2,1,354.38,669.38,1061.73,712.73,708.68
53267.60,17,2,1,354.38,669.38,1060.94,706.36,707.53
53304.50,17,2,1,354.38,669.38,1060.74,700.66,707.05
53342.00,17,2,1,354.38,669.38,1059.56,696.53,705.71
53395.60,17,2,1,354.38,669.38,1057.17,693.40,703.21
53431.90,17,2,1,354.38,669.38,1054.40,691.41,700.37
53468.90,17,2,1,354.38,669.38,1050.20,689.72,696.12
53506.90,17,2,1,354.38,669.38,1043.50,687.81,689.37
53544.90,17,2,1,354.38,669.38,1036.72,685.35,682.54
53595.60,17,2,1,354.38,669.38,1030.06,682.70,675.82
53632.30,17,2,1,354.38,669.38,1023.49,679.17,669.18
53669.30,17,2,1,354.38,669.38,1015.84,675.60,661.49
53707.60,17,2,1,354.38,669.38,1015.84,675.60,661.49
53760.50,17,2,1,354.38,669.38,1002.10,673.49,647.73
53796.90,17,2,1,354.38,669.38,990.56,671.93,636.19
53833.20,17,2,1,354.38,669.38,979.17,671.02,624.80
53871.00,17,2,1,354.38,669.38,979.17,671.02,624.80
54041.00,17,2,1,354.38,669.38,959.29,998.55,688.67
54095.50,17,2,1,354.38,669.38,987.07,931.92,685.00
54630.60,18,2,2,590.63,669.38,872.26,556.71,303.33
54668.70,18,2,2,590.63,669.38,872.26,556.71,303.33
54708.50,18,2,2,590.63,669.38,887.31,547.02,320.92
54748.80,18,2,2,590.63,669.38,903.72,540.70,338.50
54806.00,18,2,2,590.63,669.38,913.94,537.02,349.36
54844.60,18,2,2,590.63,669.38,913.94,537.02,349.36
55097.00,18,2,2,590.63,669.38,931.79,810.07,369.04
55134.10,18,2,2,590.63,669.38,883.22,780.12,312.85
55170.30,18,2,2,590.63,669.38,886.79,774.90,314.41
55207.70,18,2,2,590.63,669.38,898.92,785.94,329.59
55245.80,18,2,2,590.63,669.38,897.44,782.48,326.99
55293.70,18,2,2,590.63,669.38,899.78,770.57,325.29
55331.90,18,2,2,590.63,669.38,899.78,770.57,325.29
55407.90,18,2,2,590.63,669.38,1019.69,668.68,429.06
55458.00,18,2,2,590.63,669.38,995.00,676.16,404.44
55497.00,18,2,2,590.63,669.38,994.21,674.49,403.62
55534.30,18,2,2,590.63,669.38,994.21,674.49,403.62
55571.10,18,2,2,590.63,669.38,968.17,682.95,377.78
55607.90,18,2,2,590.63,669.38,947.76,687.80,357.61
56135.20,19,2,3,826.88,669.38,872.83,685.31,48.64
56172.80,19,2,3,826.88,669.38,874.08,685.05,49.74
56211.10,19,2,3,826.88,669.38,874.84,685.17,50.50
56261.70,19,2,3,826.88,669.38,874.84,685.17,50.50
56297.20,19,2,3,826.88,669.38,874.98,690.13,52.39
56333.70,19,2,3,826.88,669.38,874.98,690.13,52.39
56371.30,19,2,3,826.88,669.38,875.54,699.48,57.22
56410.40,19,2,3,826.88,669.38,876.06,709.06,63.20
56459.70,19,2,3,826.88,669.38,876.76,718.21,69.81
56497.00,19,2,3,826.88,669.38,877.47,727.14,76.79
56533.50,19,2,3,826.88,669.38,878.31,736.08,84.23
56569.40,19,2,3,826.88,669.38,878.31,736.08,84.23
56732.20,19,2,3,826.88,669.38,1171.52,844.02,386.37
56770.00,19,2,3,826.88,669.38,1213.92,813.30,412.94
56862.00,19,2,3,826.88,669.38,1154.80,704.21,329.77
56897.00,19,2,3,826.88,669.38,1116.02,691.35,289.98
56933.10,19,2,3,826.88,669.38,1007.84,675.57,181.07
57061.90,19,2,3,826.88,669.38,844.07,693.46,29.59
57097.90,19,2,3,826.88,669.38,839.40,696.83,30.18
57135.00,19,2,3,826.88,669.38,835.30,695.69,27.63
57659.90,20,2,4,1063.13,669.38,1046.76,488.87,181.25
57696.70,20,2,4,1063.13,669.38,1036.49,487.44,183.88
57732.20,20,2,4,1063.13,669.38,1025.10,485.93,187.34
57769.80,20,2,4,1063.13,669.38,1013.65,478.83,196.87
57808.60,20,2,4,1063.13,669.38,1005.17,474.00,203.79
57861.70,20,2,4,1063.13,669.38,1005.17,474.00,203.79
57898.10,20,2,4,1063.13,669.38,987.44,474.45,209.10
57934.40,20,2,4,1063.13,669.38,975.89,475.65,212.46
57982.40,20,2,4,1063.13,669.38,975.89,475.65,212.46
58144.60,20,2,4,1063.13,669.38,1176.57,723.98,125.90
58195.10,20,2,4,1063.13,669.38,1194.56,763.13,161.45
58230.90,20,2,4,1063.13,669.38,1191.31,763.39,158.97
58266.20,20,2,4,1063.13,669.38,1191.31,763.39,158.97
58302.60,20,2,4,1063.13,669.38,1202.41,788.10,183.02
58340.00,20,2,4,1063.13,669.38,1213.45,802.23,200.62
58378.20,20,2,4,1063.13,669.38,1225.97,807.71,213.67
58429.50,20,2,4,1063.13,669.38,1235.78,811.51,223.64
58466.00,20,2,4,1063.13,669.38,1246.23,812.86,232.63
58503.90,20,2,4,1063.13,669.38,1246.23,812.86,232.63
59172.00,21,2,5,1299.38,669.38,1486.01,805.11,230.78
59299.50,21,2,5,1299.38,669.38,1693.46,696.77,395.03
59336.90,21,2,5,1299.38,669.38,1706.48,686.25,407.45
59374.60,21,2,5,1299.38,669.38,1709.51,686.20,410.48
59412.50,21,2,5,1299.38,669.38,1719.09,683.84,419.97
59461.80,21,2,5,1299.38,669.38,1726.79,682.37,427.61
59498.50,21,2,5,1299.38,669.38,1738.04,682.74,438.87
59535.60,21,2,5,1299.38,669.38,1738.04,682.74,438.87
59571.40,21,2,5,1299.38,669.38,1756.73,686.75,457.68
59608.70,21,2,5,1299.38,669.38,1773.70,691.26,474.83
59662.40,21,2,5,1299.38,669.38,1789.29,696.22,490.65
59698.90,21,2,5,1299.38,669.38,1804.42,700.98,506.04
59736.00,21,2,5,1299.38,669.38,1817.20,705.84,519.11
59774.40,21,2,5,1299.38,669.38,1825.03,711.15,527.31
59829.10,21,2,5,1299.38,669.38,1825.03,711.15,527.31
59865.30,21,2,5,1299.38,669.38,1825.30,718.77,528.24
59902.70,21,2,5,1299.38,669.38,1825.30,718.77,528.24
59940.10,21,2,5,1299.38,669.38,1819.52,726.89,523.32
59978.20,21,2,5,1299.38,669.38,1819.52,726.89,523.32
60174.00,21,2,5,1299.38,669.38,1376.70,965.56,306.12
60698.70,22,2,6,1535.63,669.38,1459.49,620.68,90.38
60829.50,22,2,6,1535.63,669.38,1753.09,529.66,258.48
60866.40,22,2,6,1535.63,669.38,1744.98,526.01,253.74
60905.10,22,2,6,1535.63,669.38,1758.68,530.28,262.87
60943.50,22,2,6,1535.63,669.38,1766.70,535.24,267.19
60997.80,22,2,6,1535.63,669.38,1775.88,546.80,269.72
61035.10,22,2,6,1535.63,669.38,1775.88,546.80,269.72
61161.80,22,2,6,1535.63,669.38,1817.86,803.98,312.69
61196.70,22,2,6,1535.63,669.38,1816.36,834.77,325.83
61232.90,22,2,6,1535.63,669.38,1819.37,832.54,327.32
61269.80,22,2,6,1535.63,669.38,1829.11,846.00,342.53
61308.00,22,2,6,1535.63,669.38,1843.12,856.81,360.11
61347.90,22,2,6,1535.63,669.38,1856.62,866.17,376.52
61395.10,22,2,6,1535.63,669.38,1871.63,872.52,392.64
61431.00,22,2,6,1535.63,669.38,1882.96,875.78,404.04
61466.20,22,2,6,1535.63,669.38,1893.37,876.93,413.60
61501.90,22,2,6,1535.63,669.38,1904.28,876.48,422.84
61540.40,22,2,6,1535.63,669.38,1913.98,874.90,430.57
61577.10,22,2,6,1535.63,669.38,1922.45,872.52,436.92
61615.30,22,2,6,1535.63,669.38,1929.90,868.60,441.76
61656.80,22,2,6,1535.63,669.38,1937.00,862.89,445.59
61696.30,22,2,6,1535.63,669.38,1943.45,856.69,448.79
62291.40,23,2,7,1771.88,669.38,1469.71,372.27,423.76
62330.40,23,2,7,1771.88,669.38,1417.87,333.58,487.93
62441.20,23,2,7,1771.88,669.38,1320.59,227.58,631.54
62477.90,23,2,7,1771.88,669.38,1318.23,201.20,651.91
62525.20,23,2,7,1771.88,669.38,1322.93,207.75,643.93
62564.40,23,2,7,1771.88,669.38,1332.36,206.98,637.95
62601.50,23,2,7,1771.88,669.38,1332.36,206.98,637.95
62963.50,23,2,7,1771.88,669.38,1948.33,938.67,321.96
63001.00,23,2,7,1771.88,669.38,1919.45,956.22,322.58
63036.90,23,2,7,1771.88,669.38,1867.92,997.51,341.91
63112.10,23,2,7,1771.88,669.38,1824.91,962.77,298.15
63163.60,23,2,7,1771.88,669.38,1833.53,936.27,273.92
63200.90,23,2,7,1771.88,669.38,1831.56,941.54,278.63
63727.30,24,3,0,118.13,937.13,763.31,1024.89,651.12
63929.20,24,3,0,118.13,937.13,812.34,679.36,740.53
63987.70,24,3,0,118.13,937.13,860.27,661.43,791.70
64030.40,24,3,0,118.13,937.13,854.15,654.20,788.53
64068.40,24,3,0,118.13,937.13,863.74,640.88,802.31
64107.20,24,3,0,118.13,937.13,863.74,640.88,802.31
64195.80,24,3,0,118.13,937.13,928.25,539.64,902.38
64231.90,24,3,0,118.13,937.13,917.88,564.32,882.38
64268.30,24,3,0,118.13,937.13,910.88,560.07,877.86
64305.20,24,3,0,118.13,937.13,910.88,560.07,877.86
64469.60,24,3,0,118.13,937.13,747.93,765.89,652.66
64506.70,24,3,0,118.13,937.13,771.67,772.13,674.06
64545.20,24,3,0,118.13,937.13,768.84,776.54,670.24
64593.30,24,3,0,118.13,937.13,780.53,787.46,679.10
64630.30,24,3,0,118.13,937.13,790.67,796.02,687.19
64666.80,24,3,0,118.13,937.13,798.08,805.42,692.59
64703.40,24,3,0,118.13,937.13,807.35,813.24,700.27
65428.80,25,3,1,354.38,937.13,855.14,896.34,502.42
65465.00,25,3,1,354.38,937.13,835.23,803.25,499.14
65500.80,25,3,1,354.38,937.13,838.51,763.23,514.42
65537.50,25,3,1,354.38,937.13,841.60,806.30,504.48
65575.30,25,3,1,354.38,937.13,835.75,789.30,503.56
65626.60,25,3,1,354.38,937.13,833.44,787.68,501.84
65663.90,25,3,1,354.38,937.13,833.44,787.68,501.84
66028.90,25,3,1,354.38,937.13,967.35,994.31,615.64
66065.10,25,3,1,354.38,937.13,938.96,985.08,586.55
66101.60,25,3,1,354.38,937.13,990.80,982.87,638.06
66138.80,25,3,1,354.38,937.13,963.08,986.57,610.71
66177.80,25,3,1,354.38,937.13,963.86,981.64,611.10
66229.60,25,3,1,354.38,937.13,960.31,971.09,606.89
66762.20,26,3,2,590.63,937.13,1008.50,905.45,419.07
66798.50,26,3,2,590.63,937.13,1011.52,905.14,422.11
66835.20,26,3,2,590.63,937.13,1015.47,904.99,426.06
66872.20,26,3,2,590.63,937.13,1020.42,904.59,431.03
66909.80,26,3,2,590.63,937.13,1024.49,903.81,435.15
66962.90,26,3,2,590.63,937.13,1027.74,901.50,438.57
66999.60,26,3,2,590.63,937.13,1030.09,898.19,441.18
67037.80,26,3,2,590.63,937.13,1031.27,895.19,442.64
67074.70,26,3,2,590.63,937.13,1031.52,892.51,443.15
67111.80,26,3,2,590.63,937.13,1031.50,890.22,443.36
67159.00,26,3,2,590.63,937.13,1031.38,888.31,443.45
67196.90,26,3,2,590.63,937.13,1031.48,886.52,443.75
67233.80,26,3,2,590.63,937.13,1030.69,885.03,443.14
67270.70,26,3,2,590.63,937.13,1028.95,883.82,441.55
67307.90,26,3,2,590.63,937.13,1028.95,883.82,441.55
67543.30,26,3,2,590.63,937.13,666.45,607.81,337.93
67592.80,26,3,2,590.63,937.13,623.80,584.97,353.72
67631.00,26,3,2,590.63,937.13,607.65,532.35,405.13
67668.60,26,3,2,590.63,937.13,629.31,562.27,376.84
67707.30,26,3,2,590.63,937.13,621.69,537.52,400.81
67744.00,26,3,2,590.63,937.13,621.61,515.11,423.15
68307.90,27,3,3,826.88,937.13,875.82,988.68,71.09
68347.10,27,3,3,826.88,937.13,898.31,1022.49,111.32
68393.70,27,3,3,826.88,937.13,897.22,1023.47,111.37
68429.60,27,3,3,826.88,937.13,904.90,1038.50,127.93
68465.90,27,3,3,826.88,937.13,913.90,1051.70,143.88
68502.70,27,3,3,826.88,937.13,923.43,1066.04,161.07
68541.30,27,3,3,826.88,937.13,934.54,1077.58,176.97
68582.00,27,3,3,826.88,937.13,948.47,1084.17,190.81
68629.10,27,3,3,826.88,937.13,963.59,1087.23,203.04
68665.20,27,3,3,826.88,937.13,974.98,1089.19,212.27
68701.40,27,3,3,826.88,937.13,986.49,1090.30,221.22
68738.00,27,3,3,826.88,937.13,998.59,1090.85,230.47
68775.10,27,3,3,826.88,937.13,1010.79,1090.30,239.35
68829.10,27,3,3,826.88,937.13,1022.42,1086.51,246.08
68865.50,27,3,3,826.88,937.13,1033.70,1082.09,252.58
68903.10,27,3,3,826.88,937.13,1044.68,1076.83,258.76
68941.10,27,3,3,826.88,937.13,1054.86,1070.22,263.99
68981.60,27,3,3,826.88,937.13,1054.86,1070.22,263.99
69065.30,27,3,3,826.88,937.13,1252.26,836.91,437.03
69101.90,27,3,3,826.88,937.13,1272.08,771.00,475.19
69160.20,27,3,3,826.88,937.13,1308.56,735.16,522.31
69198.90,27,3,3,826.88,937.13,1292.51,758.62,498.68
69236.00,27,3,3,826.88,937.13,1300.72,742.48,512.27
69274.90,27,3,3,826.88,937.13,1303.64,733.98,518.24
69836.20,28,3,4,1063.13,937.13,1580.91,891.69,519.78
69874.30,28,3,4,1063.13,937.13,1575.93,930.83,512.85
69915.00,28,3,4,1063.13,937.13,1571.05,924.70,508.07
69962.90,28,3,4,1063.13,937.13,1568.99,928.57,505.94
69999.30,28,3,4,1063.13,937.13,1568.26,927.51,505.22
70035.70,28,3,4,1063.13,937.13,1565.39,926.60,502.38
70072.80,28,3,4,1063.13,937.13,1565.39,926.60,502.38
70233.50,28,3,4,1063.13,937.13,950.98,1078.00,180.06
70270.10,28,3,4,1063.13,937.13,994.23,1098.87,175.81
70362.70,28,3,4,1063.13,937.13,1080.74,1082.73,146.66
70399.60,28,3,4,1063.13,937.13,1101.64,1071.62,139.90
70436.10,28,3,4,1063.13,937.13,1094.31,1065.12,131.74
70473.60,28,3,4,1063.13,937.13,1098.42,1054.56,122.62
70512.10,28,3,4,1063.13,937.13,1104.38,1041.83,112.54
70562.60,28,3,4,1063.13,937.13,1111.46,1029.04,103.85
70600.00,28,3,4,1063.13,937.13,1117.38,1019.33,98.50
70638.00,28,3,4,1063.13,937.13,1125.35,1010.35,96.09
70676.20,28,3,4,1063.13,937.13,1133.56,1003.79,96.98
70729.60,28,3,4,1063.13,937.13,1139.56,998.10,97.78
70766.20,28,3,4,1063.13,937.13,1145.96,994.23,100.61
70803.70,28,3,4,1063.13,937.13,1152.31,990.68,104.03
71332.70,29,3,5,1299.38,937.13,1218.55,969.52,87.08
71370.20,29,3,5,1299.38,937.13,1220.89,969.32,84.83
71406.80,29,3,5,1299.38,937.13,1222.18,969.13,83.56
71445.10,29,3,5,1299.38,937.13,1223.55,967.58,81.72
71495.60,29,3,5,1299.38,937.13,1224.83,966.57,80.15
71531.20,29,3,5,1299.38,937.13,1226.22,966.17,78.71
71587.30,29,3,5,1299.38,937.13,1228.28,967.16,77.18
71625.10,29,3,5,1299.38,937.13,1230.15,968.87,76.15
71667.50,29,3,5,1299.38,937.13,1231.65,971.30,75.85
71708.80,29,3,5,1299.38,937.13,1232.61,974.35,76.44
71762.00,29,3,5,1299.38,937.13,1232.61,974.35,76.44
71801.90,29,3,5,1299.38,937.13,1230.73,976.54,79.16
71839.00,29,3,5,1299.38,937.13,1228.90,978.39,81.66
71876.80,29,3,5,1299.38,937.13,1227.78,979.13,83.01
71929.20,29,3,5,1299.38,937.13,1227.38,980.06,83.83
71966.30,29,3,5,1299.38,937.13,1227.75,981.15,84.07
72004.70,29,3,5,1299.38,937.13,1227.75,981.15,84.07
72042.40,29,3,5,1299.38,937.13,1229.36,981.42,82.85
72091.20,29,3,5,1299.38,937.13,1231.17,981.79,81.53
72131.40,29,3,5,1299.38,937.13,1233.25,982.21,80.03
72170.40,29,3,5,1299.38,937.13,1236.24,982.23,77.59
72209.50,29,3,5,1299.38,937.13,1238.72,981.49,75.15
72258.60,29,3,5,1299.38,937.13,1242.00,980.17,71.72
72297.40,29,3,5,1299.38,937.13,1245.05,978.26,68.14
72335.00,29,3,5,1299.38,937.13,1245.05,978.26,68.14
72863.30,30,3,6,1535.63,937.13,1671.15,951.65,136.30
72899.90,30,3,6,1535.63,937.13,1673.29,961.02,139.72
72937.50,30,3,6,1535.63,937.13,1674.21,967.54,141.88
72975.10,30,3,6,1535.63,937.13,1674.21,967.54,141.88
73029.90,30,3,6,1535.63,937.13,1665.09,970.77,133.76
73065.90,30,3,6,1535.63,937.13,1665.09,970.77,133.76
73141.90,30,3,6,1535.63,937.13,1487.60,1001.53,80.34
73195.30,30,3,6,1535.63,937.13,1515.48,977.82,45.41
73232.10,30,3,6,1535.63,937.13,1509.43,974.08,45.30
73269.20,30,3,6,1535.63,937.13,1509.43,974.08,45.30
73396.30,30,3,6,1535.63,937.13,1703.15,934.44,167.54
73433.40,30,3,6,1535.63,937.13,1729.68,940.61,194.09
73471.90,30,3,6,1535.63,937.13,1708.06,939.90,172.46
73510.30,30,3,6,1535.63,937.13,1705.70,942.31,170.15
73562.50,30,3,6,1535.63,937.13,1693.73,946.17,158.36
73599.50,30,3,6,1535.63,937.13,1679.83,949.05,144.70
73636.50,30,3,6,1535.63,937.13,1672.47,949.51,137.40
73673.80,30,3,6,1535.63,937.13,1667.43,947.75,132.24
73712.20,30,3,6,1535.63,937.13,1665.83,943.49,130.36
73762.70,30,3,6,1535.63,937.13,1665.83,943.49,130.36
74341.90,31,3,7,1771.88,937.13,2057.78,696.30,373.81
74381.90,31,3,7,1771.88,937.13,2047.10,698.83,364.05
74429.60,31,3,7,1771.88,937.13,2038.90,700.69,356.66
74466.10,31,3,7,1771.88,937.13,2031.82,701.78,350.66
74502.30,31,3,7,1771.88,937.13,2024.68,702.80,344.69
74539.00,31,3,7,1771.88,937.13,2016.93,703.56,338.54
74577.70,31,3,7,1771.88,937.13,2009.95,704.60,332.79
74629.10,31,3,7,1771.88,937.13,2003.57,706.32,327.04
74666.20,31,3,7,1771.88,937.13,1996.96,707.89,321.27
74702.80,31,3,7,1771.88,937.13,1990.17,710.85,314.41
74739.70,31,3,7,1771.88,937.13,1990.17,710.85,314.41
74778.00,31,3,7,1771.88,937.13,1980.15,716.51,303.40
74829.10,31,3,7,1771.88,937.13,1970.13,722.74,292.00
74865.50,31,3,7,1771.88,937.13,1961.15,729.69,280.81
74902.00,31,3,7,1771.88,937.13,1953.26,737.15,269.98
74938.70,31,3,7,1771.88,937.13,1945.56,744.97,259.02
74976.20,31,3,7,1771.88,937.13,1945.56,744.97,259.02
75196.20,31,3,7,1771.88,937.13,996.26,1255.19,838.30
75232.60,31,3,7,1771.88,937.13,1064.85,1267.18,780.27

# --- per-cell summary ---
cell_index,cell_row,cell_col,target_x,target_y,sample_count,mean_error_px,median_error_px,p95_error_px,centroid_x,centroid_y,hit
0,0,0,118.13,133.88,16,284.56,312.91,367.42,72.62,387.14,0
1,0,1,354.38,133.88,20,390.77,338.96,600.48,457.97,455.04,0
2,0,2,590.63,133.88,9,515.90,491.73,707.50,926.86,110.37,0
3,0,3,826.88,133.88,20,216.12,228.21,239.61,839.44,278.77,0
4,0,4,1063.13,133.88,11,343.36,307.87,448.67,1192.99,221.01,0
5,0,5,1299.38,133.88,21,399.54,405.90,478.24,1317.52,273.28,0
6,0,6,1535.63,133.88,13,360.09,360.09,721.18,1712.10,-119.27,0
7,0,7,1771.88,133.88,11,320.43,303.07,601.08,1858.23,90.84,1
8,1,0,118.13,401.63,13,262.93,212.33,382.41,369.55,418.76,0
9,1,1,354.38,401.63,20,450.98,462.09,476.07,723.93,220.76,0
10,1,2,590.63,401.63,12,292.42,361.48,375.09,877.35,374.02,0
11,1,3,826.88,401.63,26,52.40,52.92,81.03,831.64,393.23,1
12,1,4,1063.13,401.63,18,325.47,367.49,414.86,1198.59,560.28,0
13,1,5,1299.38,401.63,22,194.36,216.16,229.96,1334.69,538.92,0
14,1,6,1535.63,401.63,17,352.50,246.71,631.68,1555.59,646.64,0
15,1,7,1771.88,401.63,23,184.51,172.58,274.28,1720.94,577.87,0
16,2,0,118.13,669.38,12,437.55,460.86,476.46,450.48,433.01,0
17,2,1,354.38,669.38,21,681.05,688.67,708.68,1028.51,716.02,0
18,2,2,590.63,669.38,19,349.71,338.50,404.44,925.27,674.44,0
19,2,3,826.88,669.38,20,121.36,60.21,386.37,934.59,713.07,1
20,2,4,1063.13,669.38,19,193.81,200.62,232.63,1115.55,640.21,1
21,2,5,1299.38,669.38,20,454.06,466.25,528.24,1738.76,718.31,0
22,2,6,1535.63,669.38,22,343.36,351.32,445.59,1828.01,759.68,0
23,2,7,1771.88,669.38,13,457.86,423.76,643.93,1595.37,576.10,0
24,3,0,118.13,937.13,17,757.24,740.53,882.38,832.38,708.38,0
25,3,1,354.38,937.13,13,553.59,514.42,615.64,896.73,887.33,0
26,3,2,590.63,937.13,21,421.59,435.15,443.45,912.12,798.53,0
27,3,3,826.88,937.13,24,268.74,234.91,518.24,1048.80,990.19,0
28,3,4,1063.13,937.13,21,250.66,139.90,512.85,1254.58,999.75,0
29,3,5,1299.38,937.13,25,79.16,80.03,84.83,1230.51,975.46,1
30,3,6,1535.63,937.13,20,129.07,136.85,172.46,1646.83,957.68,1
31,3,7,1771.88,937.13,19,369.53,327.04,780.27,1896.05,771.73,0
