# benchmark_run_at,2026-06-08T03:54:26.964Z
# screen_width,1512
# screen_height,857
# px_per_degree,45
# grid,8x4
# dwell_ms,1500
# total_samples,924
# cells_covered,32/32
# mean_error_px,528.74
# median_error_px,498.99
# mean_error_deg,11.75
# median_error_deg,11.09
# hit_rate_pct,3.13
# sample_rate_hz,33.69
# tracking_loss_pct,0.00
# inference_latency_median_ms,0.00
# inference_latency_p95_ms,0.00
# pipeline_latency_median_ms,-9.30
# pipeline_latency_p95_ms,-4.00

# --- per-sample ---
timestamp_ms,cell_index,cell_row,cell_col,target_x,target_y,gaze_x,gaze_y,error_px
132393.10,0,0,0,94.50,107.13,225.26,608.34,517.99
132422.30,0,0,0,94.50,107.13,240.02,595.69,509.78
132453.50,0,0,0,94.50,107.13,230.58,594.65,506.16
132479.70,0,0,0,94.50,107.13,230.58,594.65,506.16
132622.10,0,0,0,94.50,107.13,-56.37,592.87,508.64
132653.50,0,0,0,94.50,107.13,-50.09,597.76,511.50
132680.60,0,0,0,94.50,107.13,-50.11,598.52,512.23
132710.60,0,0,0,94.50,107.13,-45.20,602.84,515.02
132739.10,0,0,0,94.50,107.13,-41.44,607.85,518.85
132769.20,0,0,0,94.50,107.13,-35.74,613.36,522.71
132797.60,0,0,0,94.50,107.13,-30.47,618.67,526.59
132828.20,0,0,0,94.50,107.13,-25.47,623.61,530.24
132856.90,0,0,0,94.50,107.13,-20.85,627.75,533.25
132889.20,0,0,0,94.50,107.13,-15.46,632.51,536.77
132921.50,0,0,0,94.50,107.13,-9.36,638.08,541.02
132948.40,0,0,0,94.50,107.13,-3.16,643.98,545.67
132977.90,0,0,0,94.50,107.13,1.96,649.54,550.25
133005.50,0,0,0,94.50,107.13,5.59,654.43,554.48
133033.00,0,0,0,94.50,107.13,8.19,658.91,558.50
133061.40,0,0,0,94.50,107.13,9.08,662.57,561.97
133088.80,0,0,0,94.50,107.13,9.22,665.44,564.79
133119.70,0,0,0,94.50,107.13,9.59,667.63,566.90
133146.70,0,0,0,94.50,107.13,10.28,669.23,568.38
133175.90,0,0,0,94.50,107.13,11.48,670.16,569.12
133205.20,0,0,0,94.50,107.13,13.69,670.66,569.30
133755.80,1,0,1,283.50,107.13,417.09,695.38,603.23
133787.80,1,0,1,283.50,107.13,439.64,701.66,614.70
133813.90,1,0,1,283.50,107.13,471.53,708.67,630.25
133844.00,1,0,1,283.50,107.13,441.12,701.19,614.62
133872.20,1,0,1,283.50,107.13,451.80,706.16,622.23
133902.30,1,0,1,283.50,107.13,461.07,712.54,630.92
133931.10,1,0,1,283.50,107.13,465.49,716.32,635.79
133962.20,1,0,1,283.50,107.13,466.28,717.72,637.37
133989.00,1,0,1,283.50,107.13,466.81,718.29,638.06
134019.80,1,0,1,283.50,107.13,466.34,718.49,638.12
134047.40,1,0,1,283.50,107.13,466.34,718.49,638.12
134223.00,1,0,1,283.50,107.13,-0.54,612.66,579.87
134253.30,1,0,1,283.50,107.13,-46.73,595.94,589.91
134284.50,1,0,1,283.50,107.13,-65.38,591.38,596.85
134312.30,1,0,1,283.50,107.13,-98.42,579.40,607.38
134343.20,1,0,1,283.50,107.13,-63.74,589.81,594.61
134372.00,1,0,1,283.50,107.13,-63.74,589.81,594.61
134402.70,1,0,1,283.50,107.13,-94.04,575.36,601.48
134430.50,1,0,1,283.50,107.13,-113.98,563.78,605.42
134462.10,1,0,1,283.50,107.13,-129.43,554.72,608.98
134499.00,1,0,1,283.50,107.13,-140.38,547.00,610.87
134529.60,1,0,1,283.50,107.13,-140.38,547.00,610.87
134705.50,1,0,1,283.50,107.13,426.30,748.71,657.29
135230.20,2,0,2,472.50,107.13,559.85,775.38,673.94
135260.70,2,0,2,472.50,107.13,560.49,781.04,679.63
135288.70,2,0,2,472.50,107.13,559.52,784.92,683.36
135319.70,2,0,2,472.50,107.13,557.32,788.05,686.19
135347.10,2,0,2,472.50,107.13,554.25,790.62,688.37
135378.10,2,0,2,472.50,107.13,550.05,792.25,689.50
135406.60,2,0,2,472.50,107.13,544.47,793.02,689.66
135436.50,2,0,2,472.50,107.13,544.47,793.02,689.66
135580.70,2,0,2,472.50,107.13,274.49,643.47,571.73
135610.60,2,0,2,472.50,107.13,267.75,637.43,568.46
135638.60,2,0,2,472.50,107.13,276.55,642.72,570.31
135668.10,2,0,2,472.50,107.13,280.56,643.83,570.00
135696.40,2,0,2,472.50,107.13,283.16,644.93,570.16
135726.50,2,0,2,472.50,107.13,286.04,646.36,570.56
135755.90,2,0,2,472.50,107.13,288.34,647.51,570.90
135786.20,2,0,2,472.50,107.13,286.93,648.00,571.82
135813.30,2,0,2,472.50,107.13,282.53,647.83,573.11
135844.10,2,0,2,472.50,107.13,275.56,647.00,574.68
135872.10,2,0,2,472.50,107.13,271.23,646.41,575.62
135904.00,2,0,2,472.50,107.13,269.38,646.30,576.17
135931.00,2,0,2,472.50,107.13,268.04,646.26,576.61
135959.60,2,0,2,472.50,107.13,266.96,646.31,577.04
135987.20,2,0,2,472.50,107.13,266.80,646.64,577.40
136013.80,2,0,2,472.50,107.13,266.61,647.11,577.91
136044.20,2,0,2,472.50,107.13,266.91,647.87,578.51
136071.90,2,0,2,472.50,107.13,266.91,647.87,578.51
136160.00,2,0,2,472.50,107.13,435.39,744.57,638.52
136188.00,2,0,2,472.50,107.13,445.47,759.74,653.17
136214.30,2,0,2,472.50,107.13,444.30,759.21,652.69
136744.00,3,0,3,661.50,107.13,344.66,733.95,702.35
136894.10,3,0,3,661.50,107.13,646.31,866.14,759.16
136923.50,3,0,3,661.50,107.13,616.57,858.73,752.95
136954.30,3,0,3,661.50,107.13,626.75,863.69,757.36
136981.70,3,0,3,661.50,107.13,627.76,865.76,759.39
137011.40,3,0,3,661.50,107.13,625.91,865.57,759.28
137038.70,3,0,3,661.50,107.13,623.18,863.98,757.83
137068.40,3,0,3,661.50,107.13,619.90,861.01,755.04
137096.80,3,0,3,661.50,107.13,617.00,857.83,752.02
137123.30,3,0,3,661.50,107.13,613.44,853.92,748.34
137153.60,3,0,3,661.50,107.13,608.81,850.19,744.93
137180.50,3,0,3,661.50,107.13,603.65,846.12,741.25
137211.30,3,0,3,661.50,107.13,597.91,842.15,737.77
137238.70,3,0,3,661.50,107.13,591.70,838.62,734.82
137270.60,3,0,3,661.50,107.13,585.48,835.14,731.98
137303.60,3,0,3,661.50,107.13,579.80,831.86,729.32
137337.30,3,0,3,661.50,107.13,574.59,828.37,726.46
137365.00,3,0,3,661.50,107.13,570.35,825.59,724.22
137401.50,3,0,3,661.50,107.13,567.09,823.51,722.58
137430.00,3,0,3,661.50,107.13,564.01,821.45,720.95
137461.00,3,0,3,661.50,107.13,561.29,819.59,719.48
137495.60,3,0,3,661.50,107.13,558.86,817.98,718.22
137528.90,3,0,3,661.50,107.13,556.39,816.36,716.98
137567.90,3,0,3,661.50,107.13,554.36,814.95,715.89
137595.50,3,0,3,661.50,107.13,552.72,813.74,714.94
137622.50,3,0,3,661.50,107.13,552.72,813.74,714.94
137710.10,3,0,3,661.50,107.13,636.60,790.68,684.01
138235.70,4,0,4,850.50,107.13,860.61,865.14,758.08
138264.30,4,0,4,850.50,107.13,858.27,860.45,753.36
138294.10,4,0,4,850.50,107.13,855.70,855.85,748.74
138322.90,4,0,4,850.50,107.13,851.48,850.75,743.62
138354.20,4,0,4,850.50,107.13,846.61,845.63,738.51
138381.70,4,0,4,850.50,107.13,840.95,841.76,734.69
138412.90,4,0,4,850.50,107.13,833.17,838.31,731.39
138444.40,4,0,4,850.50,107.13,824.03,834.84,728.19
138472.00,4,0,4,850.50,107.13,814.11,831.07,724.86
138502.20,4,0,4,850.50,107.13,804.17,827.00,721.37
138529.60,4,0,4,850.50,107.13,794.67,822.81,717.86
138558.80,4,0,4,850.50,107.13,785.37,818.60,714.45
138587.00,4,0,4,850.50,107.13,777.15,815.29,711.95
138613.80,4,0,4,850.50,107.13,770.44,812.82,710.23
138644.00,4,0,4,850.50,107.13,764.12,811.12,709.27
138672.30,4,0,4,850.50,107.13,759.03,810.86,709.66
138702.70,4,0,4,850.50,107.13,754.60,811.65,711.03
138731.80,4,0,4,850.50,107.13,750.59,812.98,712.89
138760.90,4,0,4,850.50,107.13,746.85,814.37,714.80
138790.40,4,0,4,850.50,107.13,743.36,815.62,716.55
138821.00,4,0,4,850.50,107.13,739.90,816.43,717.88
138848.10,4,0,4,850.50,107.13,736.68,816.94,718.88
138878.00,4,0,4,850.50,107.13,734.25,817.34,719.67
138905.50,4,0,4,850.50,107.13,732.93,817.65,720.18
138936.60,4,0,4,850.50,107.13,732.02,817.67,720.35
138969.60,4,0,4,850.50,107.13,731.66,817.58,720.33
139002.50,4,0,4,850.50,107.13,731.57,817.47,720.23
139031.70,4,0,4,850.50,107.13,731.69,817.32,720.06
139060.50,4,0,4,850.50,107.13,731.81,817.17,719.90
139088.00,4,0,4,850.50,107.13,732.06,817.08,719.76
139116.00,4,0,4,850.50,107.13,732.09,817.04,719.72
139145.70,4,0,4,850.50,107.13,731.98,817.07,719.77
139173.60,4,0,4,850.50,107.13,731.81,817.10,719.83
139205.20,4,0,4,850.50,107.13,731.72,817.11,719.85
139237.40,4,0,4,850.50,107.13,731.38,817.02,719.81
139750.70,5,0,5,1039.50,107.13,957.55,906.25,803.32
139779.50,5,0,5,1039.50,107.13,957.55,906.25,803.32
139810.20,5,0,5,1039.50,107.13,942.35,905.25,804.01
139839.20,5,0,5,1039.50,107.13,928.21,904.13,804.74
139870.80,5,0,5,1039.50,107.13,915.90,902.92,805.34
139898.50,5,0,5,1039.50,107.13,905.19,901.11,805.26
139930.80,5,0,5,1039.50,107.13,896.44,899.53,805.21
139961.60,5,0,5,1039.50,107.13,888.56,897.98,805.13
139988.70,5,0,5,1039.50,107.13,880.46,896.11,804.86
140017.80,5,0,5,1039.50,107.13,872.49,893.97,804.38
140045.90,5,0,5,1039.50,107.13,865.00,891.55,803.60
140076.40,5,0,5,1039.50,107.13,858.68,889.64,803.14
140105.30,5,0,5,1039.50,107.13,853.22,888.17,802.95
140136.90,5,0,5,1039.50,107.13,848.43,887.05,802.99
140163.50,5,0,5,1039.50,107.13,843.98,886.09,803.13
140194.70,5,0,5,1039.50,107.13,839.78,885.18,803.28
140222.30,5,0,5,1039.50,107.13,835.79,884.20,803.33
140251.10,5,0,5,1039.50,107.13,831.95,883.17,803.32
140279.20,5,0,5,1039.50,107.13,828.14,882.24,803.41
140309.60,5,0,5,1039.50,107.13,824.06,881.42,803.71
140338.00,5,0,5,1039.50,107.13,820.23,880.75,804.10
140370.10,5,0,5,1039.50,107.13,816.82,880.28,804.58
140397.30,5,0,5,1039.50,107.13,813.68,880.00,805.19
140428.50,5,0,5,1039.50,107.13,810.51,879.84,805.93
140456.00,5,0,5,1039.50,107.13,807.24,879.74,806.77
140487.50,5,0,5,1039.50,107.13,804.48,879.69,807.52
140515.20,5,0,5,1039.50,107.13,802.15,879.64,808.16
140546.20,5,0,5,1039.50,107.13,799.98,879.48,808.64
140579.00,5,0,5,1039.50,107.13,798.76,879.33,808.86
140609.00,5,0,5,1039.50,107.13,797.32,879.16,809.13
140637.10,5,0,5,1039.50,107.13,797.32,879.16,809.13
140720.40,5,0,5,1039.50,107.13,474.81,817.43,907.42
140747.40,5,0,5,1039.50,107.13,486.75,821.68,903.40
141255.70,6,0,6,1228.50,107.13,850.07,866.64,848.57
141287.30,6,0,6,1228.50,107.13,856.30,872.77,851.32
141319.80,6,0,6,1228.50,107.13,861.22,878.18,854.06
141347.40,6,0,6,1228.50,107.13,865.76,882.88,856.37
141379.00,6,0,6,1228.50,107.13,871.20,887.29,858.09
141409.20,6,0,6,1228.50,107.13,877.35,891.22,859.14
141437.60,6,0,6,1228.50,107.13,883.12,894.66,859.94
141463.80,6,0,6,1228.50,107.13,887.80,897.47,860.65
141492.60,6,0,6,1228.50,107.13,891.87,899.79,861.18
141521.10,6,0,6,1228.50,107.13,895.50,901.74,861.57
141547.80,6,0,6,1228.50,107.13,898.38,903.36,861.96
141577.50,6,0,6,1228.50,107.13,900.63,904.54,862.19
141605.40,6,0,6,1228.50,107.13,902.05,905.36,862.40
141635.20,6,0,6,1228.50,107.13,903.24,905.93,862.49
141663.80,6,0,6,1228.50,107.13,904.45,906.39,862.46
141694.40,6,0,6,1228.50,107.13,905.71,906.72,862.29
141723.50,6,0,6,1228.50,107.13,906.97,906.84,861.93
141753.90,6,0,6,1228.50,107.13,908.26,906.75,861.37
141780.70,6,0,6,1228.50,107.13,909.45,906.53,860.72
141811.40,6,0,6,1228.50,107.13,910.49,906.16,859.99
141839.10,6,0,6,1228.50,107.13,911.37,905.71,859.25
141870.10,6,0,6,1228.50,107.13,911.97,905.28,858.63
141897.40,6,0,6,1228.50,107.13,912.19,904.95,858.24
141930.40,6,0,6,1228.50,107.13,912.02,904.60,857.98
141960.50,6,0,6,1228.50,107.13,911.71,904.16,857.68
141990.20,6,0,6,1228.50,107.13,911.42,903.49,857.17
142019.90,6,0,6,1228.50,107.13,911.13,902.79,856.62
142046.80,6,0,6,1228.50,107.13,910.83,901.88,855.89
142077.10,6,0,6,1228.50,107.13,910.59,900.71,854.90
142105.10,6,0,6,1228.50,107.13,910.16,899.31,853.75
142135.20,6,0,6,1228.50,107.13,909.64,897.57,852.34
142164.20,6,0,6,1228.50,107.13,909.18,895.47,850.56
142195.40,6,0,6,1228.50,107.13,908.88,893.19,848.56
142222.40,6,0,6,1228.50,107.13,908.32,890.76,846.52
142252.70,6,0,6,1228.50,107.13,908.32,890.76,846.52
142803.50,7,0,7,1417.50,107.13,854.85,860.37,940.18
142830.90,7,0,7,1417.50,107.13,881.28,854.54,919.87
142862.90,7,0,7,1417.50,107.13,923.16,851.90,893.90
142891.70,7,0,7,1417.50,107.13,887.33,854.47,916.30
142920.50,7,0,7,1417.50,107.13,891.54,850.50,910.63
142947.50,7,0,7,1417.50,107.13,892.15,847.88,908.14
142976.40,7,0,7,1417.50,107.13,891.00,846.33,907.54
143004.30,7,0,7,1417.50,107.13,888.98,844.42,907.16
143031.60,7,0,7,1417.50,107.13,884.98,841.94,907.49
143062.30,7,0,7,1417.50,107.13,878.40,837.92,908.12
143090.20,7,0,7,1417.50,107.13,870.76,833.76,909.35
143122.00,7,0,7,1417.50,107.13,863.30,830.22,911.04
143152.00,7,0,7,1417.50,107.13,855.20,827.06,913.50
143181.80,7,0,7,1417.50,107.13,855.20,827.06,913.50
143213.60,7,0,7,1417.50,107.13,843.39,823.71,918.20
143244.90,7,0,7,1417.50,107.13,832.66,821.10,922.93
143276.50,7,0,7,1417.50,107.13,823.01,818.99,927.45
143305.10,7,0,7,1417.50,107.13,815.34,817.27,931.08
143336.30,7,0,7,1417.50,107.13,809.44,815.87,933.84
143363.70,7,0,7,1417.50,107.13,804.69,814.77,936.11
143395.30,7,0,7,1417.50,107.13,801.36,814.00,937.71
143423.60,7,0,7,1417.50,107.13,799.18,813.43,938.72
143455.70,7,0,7,1417.50,107.13,798.76,813.36,938.94
143487.30,7,0,7,1417.50,107.13,798.52,813.34,939.08
143520.20,7,0,7,1417.50,107.13,799.15,813.71,938.95
143548.40,7,0,7,1417.50,107.13,800.08,814.07,938.60
143580.10,7,0,7,1417.50,107.13,801.40,814.49,938.05
143610.40,7,0,7,1417.50,107.13,802.81,815.08,937.58
143638.30,7,0,7,1417.50,107.13,804.56,815.93,937.07
143665.40,7,0,7,1417.50,107.13,806.76,817.07,936.50
143694.10,7,0,7,1417.50,107.13,809.20,818.57,936.05
143722.60,7,0,7,1417.50,107.13,811.49,820.35,935.91
143752.80,7,0,7,1417.50,107.13,813.10,821.55,935.79
144277.40,8,1,0,94.50,321.38,28.34,659.76,344.79
144310.70,8,1,0,94.50,321.38,35.46,660.29,344.02
144339.10,8,1,0,94.50,321.38,42.42,660.77,343.36
144370.50,8,1,0,94.50,321.38,48.94,661.11,342.78
144397.40,8,1,0,94.50,321.38,54.86,661.29,342.22
144428.00,8,1,0,94.50,321.38,60.17,661.35,341.70
144455.80,8,1,0,94.50,321.38,64.52,661.16,341.11
144485.90,8,1,0,94.50,321.38,68.88,660.96,340.55
144513.80,8,1,0,94.50,321.38,73.60,660.79,340.06
144544.20,8,1,0,94.50,321.38,78.95,660.71,339.69
144572.40,8,1,0,94.50,321.38,84.60,660.68,339.45
144603.80,8,1,0,94.50,321.38,90.16,660.68,339.33
144630.80,8,1,0,94.50,321.38,95.41,660.68,339.31
144662.90,8,1,0,94.50,321.38,99.92,660.59,339.26
144690.40,8,1,0,94.50,321.38,103.73,660.40,339.15
144719.90,8,1,0,94.50,321.38,107.01,660.15,339.00
144747.30,8,1,0,94.50,321.38,109.86,659.79,338.77
144777.90,8,1,0,94.50,321.38,112.19,659.31,338.40
144805.40,8,1,0,94.50,321.38,113.69,658.75,337.92
144835.60,8,1,0,94.50,321.38,113.93,658.11,337.30
144864.20,8,1,0,94.50,321.38,113.00,657.41,336.54
144894.00,8,1,0,94.50,321.38,111.71,656.72,335.79
144924.10,8,1,0,94.50,321.38,110.34,656.11,335.11
144955.80,8,1,0,94.50,321.38,108.67,655.57,334.49
144988.50,8,1,0,94.50,321.38,106.84,655.28,334.13
145015.20,8,1,0,94.50,321.38,104.81,655.41,334.20
145043.90,8,1,0,94.50,321.38,103.35,655.99,334.73
145072.10,8,1,0,94.50,321.38,101.92,656.63,335.34
145098.80,8,1,0,94.50,321.38,100.81,657.31,336.00
145127.70,8,1,0,94.50,321.38,99.84,658.05,336.72
145155.50,8,1,0,94.50,321.38,99.44,658.72,337.38
145185.20,8,1,0,94.50,321.38,99.30,659.47,338.13
145213.70,8,1,0,94.50,321.38,99.30,659.47,338.13
145243.30,8,1,0,94.50,321.38,100.44,660.47,339.15
145779.60,9,1,1,283.50,321.38,159.79,677.43,376.93
145809.50,9,1,1,283.50,321.38,161.86,676.95,375.80
145837.90,9,1,1,283.50,321.38,163.64,676.44,374.75
145865.70,9,1,1,283.50,321.38,165.44,676.11,373.87
145895.30,9,1,1,283.50,321.38,167.26,675.97,373.16
145922.40,9,1,1,283.50,321.38,168.75,675.92,372.65
145952.80,9,1,1,283.50,321.38,168.75,675.92,372.65
146039.20,9,1,1,283.50,321.38,87.38,712.19,437.26
146064.60,9,1,1,283.50,321.38,65.20,707.52,443.58
146096.80,9,1,1,283.50,321.38,62.97,707.89,445.00
146126.60,9,1,1,283.50,321.38,51.50,706.30,449.43
146155.10,9,1,1,283.50,321.38,44.02,705.00,452.24
146182.00,9,1,1,283.50,321.38,42.60,703.85,452.02
146212.70,9,1,1,283.50,321.38,45.18,702.40,449.41
146243.30,9,1,1,283.50,321.38,45.18,702.40,449.41
146419.30,9,1,1,283.50,321.38,358.86,684.69,371.04
146446.70,9,1,1,283.50,321.38,382.61,690.22,381.93
146475.80,9,1,1,283.50,321.38,379.23,689.15,380.03
146504.40,9,1,1,283.50,321.38,388.79,691.94,385.23
146531.10,9,1,1,283.50,321.38,397.31,693.81,389.44
146560.10,9,1,1,283.50,321.38,404.51,694.79,392.53
146588.20,9,1,1,283.50,321.38,409.78,696.24,395.56
146615.60,9,1,1,283.50,321.38,412.53,698.44,398.53
146645.20,9,1,1,283.50,321.38,413.27,701.26,401.44
146673.20,9,1,1,283.50,321.38,412.76,704.40,404.25
146705.50,9,1,1,283.50,321.38,411.32,707.68,406.91
146737.30,9,1,1,283.50,321.38,408.28,710.73,408.86
146764.20,9,1,1,283.50,321.38,404.24,713.52,410.31
147264.60,10,1,2,472.50,321.38,325.37,707.58,413.28
147293.70,10,1,2,472.50,321.38,325.36,709.98,415.53
147322.40,10,1,2,472.50,321.38,324.79,712.17,417.77
147352.20,10,1,2,472.50,321.38,324.05,714.11,419.86
147380.20,10,1,2,472.50,321.38,322.63,715.80,421.94
147409.30,10,1,2,472.50,321.38,320.51,717.11,423.92
147437.40,10,1,2,472.50,321.38,318.05,717.63,425.29
147465.00,10,1,2,472.50,321.38,315.20,717.50,426.21
147495.10,10,1,2,472.50,321.38,312.12,716.75,426.66
147523.50,10,1,2,472.50,321.38,308.68,715.50,426.82
147555.00,10,1,2,472.50,321.38,305.21,714.41,427.15
147583.00,10,1,2,472.50,321.38,301.71,713.31,427.53
147611.70,10,1,2,472.50,321.38,298.21,712.13,427.86
147638.90,10,1,2,472.50,321.38,294.82,710.97,428.20
147668.50,10,1,2,472.50,321.38,291.45,709.75,428.50
147696.70,10,1,2,472.50,321.38,288.25,708.53,428.76
147725.90,10,1,2,472.50,321.38,285.16,707.31,429.00
147755.60,10,1,2,472.50,321.38,282.37,706.13,429.17
147786.00,10,1,2,472.50,321.38,279.80,704.96,429.27
147813.90,10,1,2,472.50,321.38,277.59,703.84,429.27
147843.20,10,1,2,472.50,321.38,276.15,702.87,429.06
147870.90,10,1,2,472.50,321.38,276.15,702.87,429.06
147988.90,10,1,2,472.50,321.38,400.58,738.62,423.39
148015.20,10,1,2,472.50,321.38,406.01,741.25,425.11
148044.20,10,1,2,472.50,321.38,408.89,744.09,427.48
148072.00,10,1,2,472.50,321.38,412.33,747.51,430.36
148098.70,10,1,2,472.50,321.38,411.15,747.64,430.66
148129.00,10,1,2,472.50,321.38,408.76,746.95,430.32
148156.70,10,1,2,472.50,321.38,407.92,746.70,430.20
148187.20,10,1,2,472.50,321.38,406.69,746.79,430.47
148215.00,10,1,2,472.50,321.38,406.09,747.51,431.28
148245.90,10,1,2,472.50,321.38,404.93,748.16,432.10
148276.40,10,1,2,472.50,321.38,403.86,748.75,432.85
148796.10,11,1,3,661.50,321.38,395.43,726.35,484.56
148823.30,11,1,3,661.50,321.38,397.00,727.01,484.25
148852.50,11,1,3,661.50,321.38,398.44,727.95,484.26
148879.90,11,1,3,661.50,321.38,399.58,728.64,484.22
148909.80,11,1,3,661.50,321.38,400.16,729.12,484.30
148938.70,11,1,3,661.50,321.38,399.79,729.47,484.80
148970.60,11,1,3,661.50,321.38,398.94,729.78,485.53
149002.80,11,1,3,661.50,321.38,397.58,730.04,486.48
149035.60,11,1,3,661.50,321.38,396.22,730.30,487.43
149063.80,11,1,3,661.50,321.38,394.67,730.57,488.51
149094.00,11,1,3,661.50,321.38,393.33,730.88,489.49
149123.60,11,1,3,661.50,321.38,391.90,731.22,490.57
149155.50,11,1,3,661.50,321.38,390.77,731.65,491.55
149187.10,11,1,3,661.50,321.38,389.67,732.03,492.48
149213.80,11,1,3,661.50,321.38,388.74,732.36,493.26
149243.20,11,1,3,661.50,321.38,387.89,732.57,493.91
149271.60,11,1,3,661.50,321.38,387.39,732.72,494.30
149298.50,11,1,3,661.50,321.38,387.03,732.84,494.61
149327.60,11,1,3,661.50,321.38,386.79,732.93,494.82
149359.20,11,1,3,661.50,321.38,386.56,733.03,495.03
149388.50,11,1,3,661.50,321.38,386.41,733.13,495.19
149417.40,11,1,3,661.50,321.38,386.21,733.21,495.37
149445.80,11,1,3,661.50,321.38,385.94,733.23,495.54
149475.20,11,1,3,661.50,321.38,385.46,733.23,495.81
149503.10,11,1,3,661.50,321.38,384.59,733.18,496.24
149531.10,11,1,3,661.50,321.38,383.48,733.10,496.80
149561.20,11,1,3,661.50,321.38,382.34,733.02,497.38
149590.60,11,1,3,661.50,321.38,381.36,732.95,497.87
149620.00,11,1,3,661.50,321.38,380.52,732.90,498.30
149647.40,11,1,3,661.50,321.38,379.78,732.88,498.70
149677.90,11,1,3,661.50,321.38,379.45,732.93,498.93
149705.40,11,1,3,661.50,321.38,379.52,733.05,498.99
149736.20,11,1,3,661.50,321.38,379.52,733.05,498.99
149769.50,11,1,3,661.50,321.38,380.55,733.36,498.66
150289.00,12,1,4,850.50,321.38,417.20,743.64,605.02
150319.60,12,1,4,850.50,321.38,419.56,744.88,604.21
150347.30,12,1,4,850.50,321.38,421.96,746.19,603.42
150377.20,12,1,4,850.50,321.38,424.57,747.56,602.53
150405.50,12,1,4,850.50,321.38,427.46,749.02,601.53
150437.90,12,1,4,850.50,321.38,430.64,750.57,600.41
150468.70,12,1,4,850.50,321.38,434.04,752.20,599.21
150501.60,12,1,4,850.50,321.38,437.41,753.80,598.03
150529.40,12,1,4,850.50,321.38,440.75,755.41,596.89
150556.90,12,1,4,850.50,321.38,443.93,756.94,595.83
150586.30,12,1,4,850.50,321.38,446.88,758.38,594.88
150613.90,12,1,4,850.50,321.38,449.49,759.65,594.05
150645.30,12,1,4,850.50,321.38,449.49,759.65,594.05
150701.30,12,1,4,850.50,321.38,587.39,826.76,569.77
150727.90,12,1,4,850.50,321.38,566.77,827.62,580.34
150755.60,12,1,4,850.50,321.38,571.62,824.79,575.50
150786.60,12,1,4,850.50,321.38,568.27,824.06,576.49
150813.90,12,1,4,850.50,321.38,566.35,824.71,578.00
150844.10,12,1,4,850.50,321.38,564.66,825.86,579.84
150872.10,12,1,4,850.50,321.38,561.76,827.39,582.60
150902.90,12,1,4,850.50,321.38,556.73,827.98,585.61
150934.90,12,1,4,850.50,321.38,551.39,828.00,588.34
150963.30,12,1,4,850.50,321.38,546.54,827.88,590.71
150990.40,12,1,4,850.50,321.38,542.50,827.73,592.68
151021.80,12,1,4,850.50,321.38,537.35,827.23,594.93
151052.20,12,1,4,850.50,321.38,532.45,826.77,597.14
151080.20,12,1,4,850.50,321.38,528.40,826.56,599.13
151109.10,12,1,4,850.50,321.38,524.85,826.43,600.94
151137.20,12,1,4,850.50,321.38,522.23,826.54,602.46
151164.00,12,1,4,850.50,321.38,520.24,826.88,603.82
151194.00,12,1,4,850.50,321.38,518.72,827.39,605.09
151222.60,12,1,4,850.50,321.38,517.70,827.99,606.15
151252.50,12,1,4,850.50,321.38,517.07,828.48,606.90
151280.50,12,1,4,850.50,321.38,517.64,828.99,607.02
151797.90,13,1,5,1039.50,321.38,587.58,776.30,641.24
151828.60,13,1,5,1039.50,321.38,594.26,778.44,638.08
151856.10,13,1,5,1039.50,321.38,589.97,779.64,641.94
151886.10,13,1,5,1039.50,321.38,583.35,781.68,648.04
151915.10,13,1,5,1039.50,321.38,575.51,783.77,655.05
151946.10,13,1,5,1039.50,321.38,567.70,786.67,662.64
151977.30,13,1,5,1039.50,321.38,560.46,790.43,670.44
152005.70,13,1,5,1039.50,321.38,554.37,794.71,677.79
152034.00,13,1,5,1039.50,321.38,548.99,798.48,684.27
152061.60,13,1,5,1039.50,321.38,545.74,801.99,689.05
152089.20,13,1,5,1039.50,321.38,543.59,804.94,692.65
152119.40,13,1,5,1039.50,321.38,542.32,808.06,695.74
152147.40,13,1,5,1039.50,321.38,542.24,811.49,698.20
152177.30,13,1,5,1039.50,321.38,543.44,814.91,699.76
152205.40,13,1,5,1039.50,321.38,544.85,817.52,700.59
152232.20,13,1,5,1039.50,321.38,546.55,819.58,700.86
152262.30,13,1,5,1039.50,321.38,548.83,821.22,700.43
152289.50,13,1,5,1039.50,321.38,552.16,822.63,699.11
152319.40,13,1,5,1039.50,321.38,556.72,823.80,696.79
152346.90,13,1,5,1039.50,321.38,562.27,824.78,693.66
152378.50,13,1,5,1039.50,321.38,562.27,824.78,693.66
152463.60,13,1,5,1039.50,321.38,838.37,853.13,568.52
152492.00,13,1,5,1039.50,321.38,865.32,854.74,561.09
152520.70,13,1,5,1039.50,321.38,855.59,850.80,560.46
152547.60,13,1,5,1039.50,321.38,859.92,844.71,553.29
152578.30,13,1,5,1039.50,321.38,865.61,839.41,546.45
152606.90,13,1,5,1039.50,321.38,868.71,836.10,542.32
152638.80,13,1,5,1039.50,321.38,868.32,833.99,540.44
152671.30,13,1,5,1039.50,321.38,865.82,832.83,540.14
152703.60,13,1,5,1039.50,321.38,865.82,832.83,540.14
153328.30,14,1,6,1228.50,321.38,599.06,846.88,819.97
153361.10,14,1,6,1228.50,321.38,604.53,845.98,815.20
153389.30,14,1,6,1228.50,321.38,609.17,845.03,811.04
153419.90,14,1,6,1228.50,321.38,613.28,844.18,807.35
153447.00,14,1,6,1228.50,321.38,616.90,843.41,804.10
153480.20,14,1,6,1228.50,321.38,620.44,842.84,801.03
153514.50,14,1,6,1228.50,321.38,624.04,842.73,798.24
153543.40,14,1,6,1228.50,321.38,628.45,843.09,795.14
153571.20,14,1,6,1228.50,321.38,632.86,843.71,792.22
153598.60,14,1,6,1228.50,321.38,637.20,844.55,789.52
153627.40,14,1,6,1228.50,321.38,641.32,845.51,787.08
153656.10,14,1,6,1228.50,321.38,645.18,846.66,784.97
153687.10,14,1,6,1228.50,321.38,648.89,847.82,783.00
153715.20,14,1,6,1228.50,321.38,652.25,849.01,781.32
153746.70,14,1,6,1228.50,321.38,655.38,850.33,779.91
153776.80,14,1,6,1228.50,321.38,658.35,851.78,778.72
153805.10,14,1,6,1228.50,321.38,661.23,853.32,777.67
153831.80,14,1,6,1228.50,321.38,664.10,854.78,776.57
153861.00,14,1,6,1228.50,321.38,667.13,856.04,775.24
153889.10,14,1,6,1228.50,321.38,670.36,857.15,773.67
153919.10,14,1,6,1228.50,321.38,673.92,858.12,771.78
153947.00,14,1,6,1228.50,321.38,677.88,859.00,769.56
153977.30,14,1,6,1228.50,321.38,682.27,859.82,767.00
154005.50,14,1,6,1228.50,321.38,686.51,860.44,764.43
154034.80,14,1,6,1228.50,321.38,690.42,860.69,761.83
154065.00,14,1,6,1228.50,321.38,694.09,860.45,759.08
154094.80,14,1,6,1228.50,321.38,697.76,859.97,756.15
154122.50,14,1,6,1228.50,321.38,701.28,859.18,753.12
154151.70,14,1,6,1228.50,321.38,704.68,858.34,750.15
154179.80,14,1,6,1228.50,321.38,707.74,857.41,747.34
154206.40,14,1,6,1228.50,321.38,710.60,856.41,744.63
154234.40,14,1,6,1228.50,321.38,713.20,855.31,742.04
154262.40,14,1,6,1228.50,321.38,715.55,854.14,739.57
154289.20,14,1,6,1228.50,321.38,717.71,852.89,737.17
154810.50,15,1,7,1417.50,321.38,670.45,830.58,904.09
154838.90,15,1,7,1417.50,321.38,672.89,833.99,904.00
154868.30,15,1,7,1417.50,321.38,676.03,836.35,902.77
154897.40,15,1,7,1417.50,321.38,680.55,838.09,900.06
154927.30,15,1,7,1417.50,321.38,686.91,839.49,895.65
154955.90,15,1,7,1417.50,321.38,686.91,839.49,895.65
154985.70,15,1,7,1417.50,321.38,697.14,840.60,887.98
155013.70,15,1,7,1417.50,321.38,707.30,841.62,880.36
155041.00,15,1,7,1417.50,321.38,716.93,842.60,873.20
155069.80,15,1,7,1417.50,321.38,725.59,843.57,866.85
155097.60,15,1,7,1417.50,321.38,733.21,844.54,861.37
155127.60,15,1,7,1417.50,321.38,739.87,845.45,856.65
155155.80,15,1,7,1417.50,321.38,745.53,846.30,852.70
155185.90,15,1,7,1417.50,321.38,750.33,847.06,849.39
155213.50,15,1,7,1417.50,321.38,754.64,847.73,846.42
155244.00,15,1,7,1417.50,321.38,758.52,848.30,843.75
155272.30,15,1,7,1417.50,321.38,762.05,848.75,841.28
155302.30,15,1,7,1417.50,321.38,765.30,849.04,838.92
155331.80,15,1,7,1417.50,321.38,768.28,849.14,836.67
155361.90,15,1,7,1417.50,321.38,771.20,849.18,834.44
155389.30,15,1,7,1417.50,321.38,774.17,849.15,832.12
155417.60,15,1,7,1417.50,321.38,777.05,849.04,829.82
155446.20,15,1,7,1417.50,321.38,779.73,848.84,827.63
155473.50,15,1,7,1417.50,321.38,782.23,848.61,825.55
155502.80,15,1,7,1417.50,321.38,784.48,848.43,823.71
155531.10,15,1,7,1417.50,321.38,786.43,848.34,822.15
155560.60,15,1,7,1417.50,321.38,788.00,848.28,820.92
155589.60,15,1,7,1417.50,321.38,788.00,848.28,820.92
155795.80,15,1,7,1417.50,321.38,176.73,718.64,1302.81
156315.50,16,2,0,94.50,535.63,427.34,644.81,350.29
156345.80,16,2,0,94.50,535.63,435.34,643.44,357.48
156378.30,16,2,0,94.50,535.63,442.14,642.19,363.61
156411.30,16,2,0,94.50,535.63,448.15,641.16,369.06
156444.70,16,2,0,94.50,535.63,453.26,640.36,373.73
156473.50,16,2,0,94.50,535.63,457.62,639.72,377.75
156504.70,16,2,0,94.50,535.63,461.30,639.16,381.14
156537.10,16,2,0,94.50,535.63,464.38,638.64,383.96
156570.20,16,2,0,94.50,535.63,466.50,638.20,385.88
156601.80,16,2,0,94.50,535.63,466.50,638.20,385.88
156656.80,16,2,0,94.50,535.63,249.99,653.87,195.34
156686.00,16,2,0,94.50,535.63,270.37,682.87,229.37
156717.70,16,2,0,94.50,535.63,293.87,709.80,264.74
156746.90,16,2,0,94.50,535.63,325.82,727.57,300.59
156779.10,16,2,0,94.50,535.63,300.86,701.56,264.80
156808.60,16,2,0,94.50,535.63,300.86,701.56,264.80
156892.50,16,2,0,94.50,535.63,512.73,740.46,465.70
156922.10,16,2,0,94.50,535.63,515.56,737.40,466.90
156952.90,16,2,0,94.50,535.63,509.36,740.08,462.51
156986.70,16,2,0,94.50,535.63,509.52,740.45,462.81
157015.10,16,2,0,94.50,535.63,514.72,740.00,467.28
157046.70,16,2,0,94.50,535.63,524.39,739.08,475.60
157079.00,16,2,0,94.50,535.63,534.61,737.68,484.27
157109.50,16,2,0,94.50,535.63,544.83,735.86,492.83
157137.90,16,2,0,94.50,535.63,553.96,733.95,500.43
157164.00,16,2,0,94.50,535.63,561.65,731.92,506.72
157192.90,16,2,0,94.50,535.63,565.31,730.17,509.42
157222.60,16,2,0,94.50,535.63,567.81,728.46,511.09
157249.30,16,2,0,94.50,535.63,569.40,726.03,511.65
157279.10,16,2,0,94.50,535.63,569.34,722.37,510.24
157310.90,16,2,0,94.50,535.63,568.01,717.77,507.33
157812.50,17,2,1,283.50,535.63,333.64,616.60,95.24
157842.10,17,2,1,283.50,535.63,348.41,622.71,108.61
157869.80,17,2,1,283.50,535.63,357.99,628.04,118.70
157896.80,17,2,1,283.50,535.63,357.99,628.04,118.70
158013.60,17,2,1,283.50,535.63,152.56,672.33,189.30
158045.80,17,2,1,283.50,535.63,136.98,672.88,200.77
158076.40,17,2,1,283.50,535.63,142.58,674.32,197.72
158104.00,17,2,1,283.50,535.63,146.52,677.55,197.25
158130.80,17,2,1,283.50,535.63,151.78,682.01,196.92
158160.20,17,2,1,283.50,535.63,157.65,686.43,196.42
158189.80,17,2,1,283.50,535.63,163.33,691.18,196.57
158219.60,17,2,1,283.50,535.63,170.26,695.16,195.63
158254.30,17,2,1,283.50,535.63,178.57,697.82,193.18
158287.00,17,2,1,283.50,535.63,187.88,699.74,189.94
158315.20,17,2,1,283.50,535.63,196.83,701.69,187.32
158347.10,17,2,1,283.50,535.63,204.70,703.76,185.68
158379.00,17,2,1,283.50,535.63,213.40,705.96,184.20
158409.50,17,2,1,283.50,535.63,221.37,707.87,183.11
158437.60,17,2,1,283.50,535.63,229.63,709.59,182.12
158463.80,17,2,1,283.50,535.63,238.38,711.15,181.23
158493.60,17,2,1,283.50,535.63,247.77,712.52,180.46
158523.00,17,2,1,283.50,535.63,256.87,713.54,179.90
158553.50,17,2,1,283.50,535.63,263.87,714.48,179.93
158580.40,17,2,1,283.50,535.63,269.51,715.86,180.77
158612.40,17,2,1,283.50,535.63,269.51,715.86,180.77
158698.20,17,2,1,283.50,535.63,217.74,798.39,270.87
158728.80,17,2,1,283.50,535.63,211.46,814.05,287.59
158760.40,17,2,1,283.50,535.63,216.81,813.77,286.02
158789.50,17,2,1,283.50,535.63,220.23,817.59,288.98
158821.40,17,2,1,283.50,535.63,224.83,819.64,290.01
159347.20,18,2,2,472.50,535.63,322.06,760.89,270.88
159379.50,18,2,2,472.50,535.63,324.76,757.07,266.20
159412.40,18,2,2,472.50,535.63,326.98,753.83,262.27
159446.10,18,2,2,472.50,535.63,329.03,751.04,258.82
159475.80,18,2,2,472.50,535.63,330.74,748.66,255.89
159504.00,18,2,2,472.50,535.63,332.38,747.13,253.71
159530.90,18,2,2,472.50,535.63,334.14,746.71,252.39
159560.70,18,2,2,472.50,535.63,336.16,747.06,251.58
159589.20,18,2,2,472.50,535.63,338.67,748.19,251.19
159620.40,18,2,2,472.50,535.63,340.76,749.47,251.17
159652.40,18,2,2,472.50,535.63,342.58,750.84,251.39
159680.20,18,2,2,472.50,535.63,344.04,752.17,251.78
159712.40,18,2,2,472.50,535.63,345.11,753.36,252.26
159743.10,18,2,2,472.50,535.63,345.45,754.54,253.12
159771.80,18,2,2,472.50,535.63,345.38,755.63,254.09
159801.30,18,2,2,472.50,535.63,345.33,756.70,255.04
159829.00,18,2,2,472.50,535.63,345.44,757.80,255.94
159856.20,18,2,2,472.50,535.63,345.72,759.03,256.87
159886.10,18,2,2,472.50,535.63,346.34,760.22,257.60
159919.70,18,2,2,472.50,535.63,347.17,761.33,258.16
159948.80,18,2,2,472.50,535.63,348.01,762.31,258.61
159981.60,18,2,2,472.50,535.63,348.66,763.21,259.10
160013.50,18,2,2,472.50,535.63,349.65,764.14,259.44
160044.50,18,2,2,472.50,535.63,351.07,765.06,259.59
160074.80,18,2,2,472.50,535.63,352.77,765.91,259.55
160103.50,18,2,2,472.50,535.63,352.77,765.91,259.55
160163.30,18,2,2,472.50,535.63,541.92,784.54,258.41
160194.20,18,2,2,472.50,535.63,554.60,769.03,247.42
160224.40,18,2,2,472.50,535.63,551.93,765.22,242.95
160254.40,18,2,2,472.50,535.63,551.80,754.75,233.03
160286.30,18,2,2,472.50,535.63,551.46,746.78,225.43
160313.70,18,2,2,472.50,535.63,551.52,741.39,220.42
160858.60,19,2,3,661.50,535.63,566.81,799.02,279.90
160889.10,19,2,3,661.50,535.63,563.91,800.06,281.87
160922.10,19,2,3,661.50,535.63,561.09,799.75,282.57
160954.00,19,2,3,661.50,535.63,558.39,798.43,282.31
160987.20,19,2,3,661.50,535.63,556.11,797.29,282.09
161019.70,19,2,3,661.50,535.63,554.23,796.56,282.12
161052.70,19,2,3,661.50,535.63,552.58,796.16,282.39
161081.60,19,2,3,661.50,535.63,551.23,796.03,282.79
161113.00,19,2,3,661.50,535.63,549.98,796.08,283.32
161145.10,19,2,3,661.50,535.63,548.59,796.15,283.94
161174.20,19,2,3,661.50,535.63,547.12,796.30,284.66
161206.40,19,2,3,661.50,535.63,545.64,796.55,285.49
161237.80,19,2,3,661.50,535.63,544.27,796.86,286.34
161270.50,19,2,3,661.50,535.63,542.98,797.09,287.07
161303.20,19,2,3,661.50,535.63,541.82,797.21,287.67
161330.70,19,2,3,661.50,535.63,540.96,797.32,288.12
161362.00,19,2,3,661.50,535.63,541.04,797.44,288.19
161390.40,19,2,3,661.50,535.63,541.04,797.44,288.19
161482.20,19,2,3,661.50,535.63,743.05,861.88,336.30
161514.20,19,2,3,661.50,535.63,715.79,858.95,327.85
161545.90,19,2,3,661.50,535.63,722.68,860.19,330.28
161577.80,19,2,3,661.50,535.63,717.85,859.23,328.48
161606.50,19,2,3,661.50,535.63,714.71,858.02,326.75
161637.10,19,2,3,661.50,535.63,712.64,856.71,325.13
161664.00,19,2,3,661.50,535.63,711.91,855.54,323.86
161695.50,19,2,3,661.50,535.63,712.71,854.49,322.95
161728.30,19,2,3,661.50,535.63,714.77,853.47,322.28
161757.00,19,2,3,661.50,535.63,716.60,852.25,321.38
161789.20,19,2,3,661.50,535.63,716.25,851.57,320.65
161822.70,19,2,3,661.50,535.63,716.25,851.57,320.65
162345.00,20,2,4,850.50,535.63,505.35,827.56,452.06
162377.90,20,2,4,850.50,535.63,505.86,826.53,451.00
162406.70,20,2,4,850.50,535.63,505.86,826.53,451.00
162471.30,20,2,4,850.50,535.63,661.01,818.36,340.36
162503.00,20,2,4,850.50,535.63,663.55,816.36,337.29
162535.90,20,2,4,850.50,535.63,660.41,816.21,338.92
162569.20,20,2,4,850.50,535.63,655.61,815.08,340.70
162597.20,20,2,4,850.50,535.63,650.52,814.03,342.79
162626.80,20,2,4,850.50,535.63,644.53,813.06,345.54
162655.70,20,2,4,850.50,535.63,636.82,812.08,349.41
162685.10,20,2,4,850.50,535.63,628.32,811.47,354.20
162713.60,20,2,4,850.50,535.63,618.86,811.15,359.96
162745.10,20,2,4,850.50,535.63,608.94,811.11,366.40
162773.20,20,2,4,850.50,535.63,599.52,811.45,372.92
162805.80,20,2,4,850.50,535.63,590.82,812.25,379.42
162837.60,20,2,4,850.50,535.63,583.24,813.43,385.49
162870.30,20,2,4,850.50,535.63,576.57,814.79,391.12
162900.00,20,2,4,850.50,535.63,571.86,816.37,395.55
162927.80,20,2,4,850.50,535.63,569.01,818.12,398.80
162956.00,20,2,4,850.50,535.63,568.48,819.75,400.33
162985.00,20,2,4,850.50,535.63,568.48,819.75,400.33
163214.30,20,2,4,850.50,535.63,618.32,414.42,261.91
163246.00,20,2,4,850.50,535.63,695.07,419.14,194.23
163864.20,21,2,5,1039.50,535.63,657.97,872.60,509.04
163895.70,21,2,5,1039.50,535.63,663.70,873.54,505.38
163928.00,21,2,5,1039.50,535.63,663.70,873.54,505.38
163995.50,21,2,5,1039.50,535.63,626.98,846.37,516.46
164028.90,21,2,5,1039.50,535.63,637.54,748.97,455.07
164154.50,21,2,5,1039.50,535.63,697.68,454.30,351.36
164187.00,21,2,5,1039.50,535.63,712.60,480.83,331.46
164215.00,21,2,5,1039.50,535.63,706.42,482.82,337.24
164247.20,21,2,5,1039.50,535.63,706.72,499.01,334.79
164279.10,21,2,5,1039.50,535.63,705.87,515.37,334.25
164311.70,21,2,5,1039.50,535.63,705.87,515.37,334.25
164454.80,21,2,5,1039.50,535.63,760.64,828.95,404.73
164485.20,21,2,5,1039.50,535.63,781.87,852.45,408.35
164513.10,21,2,5,1039.50,535.63,775.84,850.10,410.38
164545.60,21,2,5,1039.50,535.63,781.36,858.78,413.60
164575.90,21,2,5,1039.50,535.63,785.51,867.49,417.90
164603.90,21,2,5,1039.50,535.63,788.77,872.85,420.22
164630.80,21,2,5,1039.50,535.63,791.38,875.46,420.78
164660.30,21,2,5,1039.50,535.63,793.31,877.41,421.22
164689.70,21,2,5,1039.50,535.63,793.00,879.72,423.28
164719.40,21,2,5,1039.50,535.63,793.00,879.72,423.28
165396.90,22,2,6,1228.50,535.63,638.45,840.40,664.11
165427.90,22,2,6,1228.50,535.63,680.16,838.27,626.32
165460.10,22,2,6,1228.50,535.63,706.60,845.46,606.94
165489.60,22,2,6,1228.50,535.63,693.63,845.03,617.92
165519.20,22,2,6,1228.50,535.63,693.63,845.03,617.92
165547.70,22,2,6,1228.50,535.63,714.69,847.77,601.20
165578.40,22,2,6,1228.50,535.63,726.74,848.94,591.55
165611.40,22,2,6,1228.50,535.63,732.73,848.66,586.33
165639.90,22,2,6,1228.50,535.63,733.47,846.23,584.41
165670.30,22,2,6,1228.50,535.63,733.47,846.23,584.41
165702.30,22,2,6,1228.50,535.63,728.28,838.18,584.60
165731.00,22,2,6,1228.50,535.63,724.83,829.24,583.00
165762.00,22,2,6,1228.50,535.63,724.83,829.24,583.00
165914.00,22,2,6,1228.50,535.63,229.43,706.30,1013.54
165944.20,22,2,6,1228.50,535.63,307.75,693.60,934.20
166136.20,22,2,6,1228.50,535.63,781.62,626.23,455.97
166169.00,22,2,6,1228.50,535.63,884.11,638.14,359.32
166291.00,22,2,6,1228.50,535.63,1202.34,748.43,214.41
166323.00,22,2,6,1228.50,535.63,1183.84,767.64,236.28
166355.10,22,2,6,1228.50,535.63,1181.04,768.32,237.49
167100.80,23,2,7,1417.50,535.63,926.44,624.50,499.04
167129.50,23,2,7,1417.50,535.63,933.34,667.91,501.91
167189.60,23,2,7,1417.50,535.63,952.62,745.51,510.06
167220.20,23,2,7,1417.50,535.63,971.52,764.61,501.33
167251.00,23,2,7,1417.50,535.63,971.22,765.57,502.04
167279.90,23,2,7,1417.50,535.63,976.98,771.39,499.64
167311.10,23,2,7,1417.50,535.63,985.24,776.91,495.04
167339.00,23,2,7,1417.50,535.63,992.42,780.81,490.72
167367.40,23,2,7,1417.50,535.63,996.84,782.88,487.95
167395.30,23,2,7,1417.50,535.63,998.99,783.79,486.55
167423.00,23,2,7,1417.50,535.63,1000.43,784.63,485.74
167453.00,23,2,7,1417.50,535.63,1001.33,786.17,485.77
167481.90,23,2,7,1417.50,535.63,1002.16,788.40,486.21
167512.30,23,2,7,1417.50,535.63,1002.52,791.28,487.41
167544.10,23,2,7,1417.50,535.63,1001.89,794.20,489.48
167572.40,23,2,7,1417.50,535.63,1001.89,794.20,489.48
168494.00,24,3,0,94.50,749.88,594.83,530.69,546.24
168523.80,24,3,0,94.50,749.88,595.22,525.19,548.82
168554.90,24,3,0,94.50,749.88,540.04,562.47,483.35
168720.40,24,3,0,94.50,749.88,317.31,756.41,222.90
168753.90,24,3,0,94.50,749.88,327.95,755.69,233.52
168786.90,24,3,0,94.50,749.88,318.39,751.65,223.90
168820.60,24,3,0,94.50,749.88,314.49,744.42,220.05
168853.00,24,3,0,94.50,749.88,312.28,738.08,218.09
168882.10,24,3,0,94.50,749.88,311.21,728.64,217.75
168913.70,24,3,0,94.50,749.88,311.21,728.64,217.75
168945.90,24,3,0,94.50,749.88,314.97,712.07,223.69
168978.40,24,3,0,94.50,749.88,318.19,698.19,229.58
169011.90,24,3,0,94.50,749.88,321.92,685.40,236.38
169044.40,24,3,0,94.50,749.88,324.07,675.32,241.37
169073.20,24,3,0,94.50,749.88,323.15,668.13,242.82
169104.60,24,3,0,94.50,749.88,323.15,668.13,242.82
169137.00,24,3,0,94.50,749.88,317.82,663.37,239.48
169169.00,24,3,0,94.50,749.88,314.67,659.82,237.88
169197.30,24,3,0,94.50,749.88,312.64,656.95,237.11
169228.80,24,3,0,94.50,749.88,311.26,654.66,236.75
169257.50,24,3,0,94.50,749.88,310.06,652.81,236.41
169294.40,24,3,0,94.50,749.88,308.57,651.38,235.65
169322.40,24,3,0,94.50,749.88,306.42,650.12,234.23
169352.30,24,3,0,94.50,749.88,303.40,648.88,232.03
169380.40,24,3,0,94.50,749.88,299.71,647.78,229.21
169909.20,25,3,1,283.50,749.88,239.57,815.42,78.91
169936.70,25,3,1,283.50,749.88,238.72,810.69,75.52
169963.80,25,3,1,283.50,749.88,237.45,806.22,72.77
169992.90,25,3,1,283.50,749.88,237.45,806.22,72.77
170051.00,25,3,1,283.50,749.88,137.65,693.63,156.32
170080.20,25,3,1,283.50,749.88,145.04,683.25,153.66
170112.30,25,3,1,283.50,749.88,138.04,684.30,159.56
170143.40,25,3,1,283.50,749.88,137.18,681.11,161.67
170171.70,25,3,1,283.50,749.88,137.64,679.66,161.88
170200.20,25,3,1,283.50,749.88,139.61,679.27,160.28
170227.20,25,3,1,283.50,749.88,141.87,679.68,158.07
170256.20,25,3,1,283.50,749.88,145.89,680.33,154.18
170285.90,25,3,1,283.50,749.88,150.55,681.21,149.63
170314.20,25,3,1,283.50,749.88,154.58,682.17,145.61
170346.40,25,3,1,283.50,749.88,158.12,683.31,141.95
170377.80,25,3,1,283.50,749.88,158.12,683.31,141.95
170405.70,25,3,1,283.50,749.88,167.02,685.31,133.18
170434.90,25,3,1,283.50,749.88,175.71,687.54,124.51
170463.10,25,3,1,283.50,749.88,184.02,689.94,116.15
170490.90,25,3,1,283.50,749.88,184.02,689.94,116.15
170580.20,25,3,1,283.50,749.88,456.62,762.19,173.56
170612.40,25,3,1,283.50,749.88,457.63,755.57,174.23
170643.00,25,3,1,283.50,749.88,456.49,758.25,173.20
170670.80,25,3,1,283.50,749.88,456.36,758.37,173.07
170697.50,25,3,1,283.50,749.88,456.42,758.78,173.15
170727.30,25,3,1,283.50,749.88,456.33,758.77,173.06
170756.30,25,3,1,283.50,749.88,454.73,758.27,171.43
170785.50,25,3,1,283.50,749.88,452.19,756.86,168.83
170812.90,25,3,1,283.50,749.88,448.35,754.10,164.90
170845.10,25,3,1,283.50,749.88,443.99,749.72,160.49
170875.20,25,3,1,283.50,749.88,438.51,744.79,155.10
171397.40,26,3,2,472.50,749.88,349.14,694.90,135.05
171427.40,26,3,2,472.50,749.88,346.80,695.07,137.13
171456.40,26,3,2,472.50,749.88,343.73,695.91,139.62
171485.70,26,3,2,472.50,749.88,340.05,697.42,142.46
171519.50,26,3,2,472.50,749.88,336.02,699.60,145.45
171548.70,26,3,2,472.50,749.88,331.92,702.07,148.48
171581.80,26,3,2,472.50,749.88,328.01,704.97,151.30
171614.00,26,3,2,472.50,749.88,324.50,708.16,153.77
171645.70,26,3,2,472.50,749.88,321.27,711.44,156.04
171678.60,26,3,2,472.50,749.88,317.79,714.63,158.67
171712.30,26,3,2,472.50,749.88,313.88,717.64,161.86
171743.40,26,3,2,472.50,749.88,309.26,720.35,165.89
171771.80,26,3,2,472.50,749.88,309.26,720.35,165.89
171798.60,26,3,2,472.50,749.88,303.08,722.78,171.57
171827.40,26,3,2,472.50,749.88,296.93,725.07,177.31
171856.20,26,3,2,472.50,749.88,291.34,727.25,182.56
171886.10,26,3,2,472.50,749.88,286.54,729.33,187.09
171913.80,26,3,2,472.50,749.88,282.17,731.31,191.24
171944.20,26,3,2,472.50,749.88,278.74,733.17,194.47
171973.40,26,3,2,472.50,749.88,278.74,733.17,194.47
172003.70,26,3,2,472.50,749.88,276.73,734.77,196.35
172031.00,26,3,2,472.50,749.88,275.21,736.07,197.77
172061.00,26,3,2,472.50,749.88,274.21,737.03,198.70
172089.80,26,3,2,472.50,749.88,273.87,737.77,199.00
172120.30,26,3,2,472.50,749.88,273.87,737.77,199.00
172269.10,26,3,2,472.50,749.88,532.46,783.96,68.98
172297.30,26,3,2,472.50,749.88,558.88,792.15,96.18
172327.90,26,3,2,472.50,749.88,556.53,791.13,93.61
172357.00,26,3,2,472.50,749.88,562.59,795.37,100.93
172387.90,26,3,2,472.50,749.88,562.70,798.61,102.52
172919.30,27,3,3,661.50,749.88,672.29,843.09,93.83
172952.50,27,3,3,661.50,749.88,672.58,843.95,94.73
172985.70,27,3,3,661.50,749.88,668.90,845.44,95.85
173015.10,27,3,3,661.50,749.88,668.90,845.44,95.85
173108.30,27,3,3,661.50,749.88,337.64,848.03,338.40
173136.00,27,3,3,661.50,749.88,323.51,851.26,352.87
173164.10,27,3,3,661.50,749.88,285.69,852.08,389.46
173194.90,27,3,3,661.50,749.88,308.93,850.81,366.73
173227.50,27,3,3,661.50,749.88,294.98,850.69,380.13
173255.90,27,3,3,661.50,749.88,286.27,850.03,388.36
173289.40,27,3,3,661.50,749.88,281.26,848.93,392.93
173322.90,27,3,3,661.50,749.88,278.52,847.54,395.24
173355.70,27,3,3,661.50,749.88,278.27,846.15,395.14
173389.00,27,3,3,661.50,749.88,280.96,845.45,392.36
173417.00,27,3,3,661.50,749.88,285.48,844.84,387.82
173445.40,27,3,3,661.50,749.88,285.48,844.84,387.82
173473.60,27,3,3,661.50,749.88,297.02,844.75,376.63
173502.40,27,3,3,661.50,749.88,307.49,845.04,366.57
173529.90,27,3,3,661.50,749.88,315.36,846.03,359.25
173561.40,27,3,3,661.50,749.88,321.34,847.51,353.90
173590.50,27,3,3,661.50,749.88,326.32,849.21,349.59
173624.70,27,3,3,661.50,749.88,330.12,851.12,346.50
173655.80,27,3,3,661.50,749.88,333.65,852.84,343.64
173689.70,27,3,3,661.50,749.88,338.01,854.51,339.99
173721.70,27,3,3,661.50,749.88,338.01,854.51,339.99
173809.60,27,3,3,661.50,749.88,608.57,883.85,144.05
173838.30,27,3,3,661.50,749.88,623.29,881.73,137.28
173867.60,27,3,3,661.50,749.88,612.12,880.75,139.88
173896.30,27,3,3,661.50,749.88,607.42,877.93,139.00
174423.10,28,3,4,850.50,749.88,429.24,930.05,458.17
174452.60,28,3,4,850.50,749.88,425.51,927.70,460.69
174481.60,28,3,4,850.50,749.88,423.96,925.04,461.10
174512.40,28,3,4,850.50,749.88,423.93,922.10,460.03
174545.40,28,3,4,850.50,749.88,424.79,919.23,458.16
174577.00,28,3,4,850.50,749.88,426.35,916.46,455.68
174604.30,28,3,4,850.50,749.88,428.86,913.82,452.39
174633.60,28,3,4,850.50,749.88,432.14,911.32,448.43
174661.40,28,3,4,850.50,749.88,435.51,909.21,444.53
174692.30,28,3,4,850.50,749.88,440.05,907.66,439.73
174724.10,28,3,4,850.50,749.88,443.42,906.38,436.13
174752.90,28,3,4,850.50,749.88,445.44,905.26,433.84
174785.40,28,3,4,850.50,749.88,445.44,905.26,433.84
174844.70,28,3,4,850.50,749.88,327.50,869.46,536.49
174874.00,28,3,4,850.50,749.88,333.25,866.46,530.23
174905.60,28,3,4,850.50,749.88,331.54,868.08,532.25
174936.90,28,3,4,850.50,749.88,334.94,868.53,529.04
174966.90,28,3,4,850.50,749.88,339.83,869.57,524.51
174994.80,28,3,4,850.50,749.88,339.83,869.57,524.51
175080.20,28,3,4,850.50,749.88,497.49,931.71,397.09
175111.80,28,3,4,850.50,749.88,519.72,940.01,381.53
175143.60,28,3,4,850.50,749.88,519.78,937.31,380.14
175170.80,28,3,4,850.50,749.88,520.77,935.35,378.32
175197.30,28,3,4,850.50,749.88,519.00,933.04,378.73
175227.30,28,3,4,850.50,749.88,515.97,928.87,379.40
175255.50,28,3,4,850.50,749.88,509.34,924.55,383.27
175284.80,28,3,4,850.50,749.88,501.43,921.10,388.80
175313.00,28,3,4,850.50,749.88,494.92,918.67,393.61
175345.30,28,3,4,850.50,749.88,489.81,916.73,397.42
175375.40,28,3,4,850.50,749.88,483.65,914.76,402.20
175403.00,28,3,4,850.50,749.88,476.29,912.28,407.93
175928.70,29,3,5,1039.50,749.88,510.67,927.21,557.77
175962.40,29,3,5,1039.50,749.88,508.71,924.28,558.71
175995.60,29,3,5,1039.50,749.88,506.84,920.90,559.44
176028.90,29,3,5,1039.50,749.88,505.42,918.06,559.93
176062.30,29,3,5,1039.50,749.88,504.74,915.98,559.96
176095.50,29,3,5,1039.50,749.88,506.28,914.45,558.04
176128.80,29,3,5,1039.50,749.88,506.28,914.45,558.04
176223.90,29,3,5,1039.50,749.88,739.67,927.57,348.53
176256.80,29,3,5,1039.50,749.88,742.91,926.00,344.95
176285.80,29,3,5,1039.50,749.88,748.21,925.04,339.90
176313.60,29,3,5,1039.50,749.88,749.11,921.41,337.27
176343.80,29,3,5,1039.50,749.88,746.96,915.51,336.18
176371.30,29,3,5,1039.50,749.88,742.47,908.03,336.51
176403.40,29,3,5,1039.50,749.88,735.87,901.22,339.26
176436.70,29,3,5,1039.50,749.88,735.87,901.22,339.26
176469.40,29,3,5,1039.50,749.88,716.98,894.30,353.38
176502.20,29,3,5,1039.50,749.88,702.37,889.57,364.93
176531.60,29,3,5,1039.50,749.88,693.14,886.24,372.24
176562.80,29,3,5,1039.50,749.88,686.61,884.01,377.52
176594.60,29,3,5,1039.50,749.88,682.92,883.38,380.75
176627.70,29,3,5,1039.50,749.88,681.82,884.87,382.31
176655.60,29,3,5,1039.50,749.88,680.01,886.68,384.64
176686.20,29,3,5,1039.50,749.88,680.01,886.68,384.64
176843.40,29,3,5,1039.50,749.88,148.85,794.71,891.78
176871.00,29,3,5,1039.50,749.88,145.76,793.77,894.82
176898.60,29,3,5,1039.50,749.88,182.46,799.43,858.47
177529.60,30,3,6,1228.50,749.88,744.97,883.92,501.77
177562.40,30,3,6,1228.50,749.88,772.40,880.12,474.33
177595.80,30,3,6,1228.50,749.88,767.47,879.47,478.90
177628.20,30,3,6,1228.50,749.88,769.97,877.20,475.88
177657.20,30,3,6,1228.50,749.88,769.41,875.72,476.03
177689.30,30,3,6,1228.50,749.88,765.86,874.85,479.23
177719.20,30,3,6,1228.50,749.88,761.01,874.26,483.76
177747.10,30,3,6,1228.50,749.88,761.01,874.26,483.76
177844.20,30,3,6,1228.50,749.88,494.16,869.20,743.97
177872.50,30,3,6,1228.50,749.88,451.88,868.24,785.59
177934.60,30,3,6,1228.50,749.88,389.76,865.42,846.66
177962.70,30,3,6,1228.50,749.88,401.65,865.70,834.93
177992.60,30,3,6,1228.50,749.88,400.85,865.92,835.74
178020.00,30,3,6,1228.50,749.88,400.70,865.91,835.89
178047.00,30,3,6,1228.50,749.88,399.08,864.94,837.37
178077.30,30,3,6,1228.50,749.88,396.08,863.28,840.11
178109.30,30,3,6,1228.50,749.88,396.12,862.00,839.90
178138.00,30,3,6,1228.50,749.88,399.82,861.26,836.13
178170.00,30,3,6,1228.50,749.88,399.82,861.26,836.13
178363.00,30,3,6,1228.50,749.88,937.86,810.15,296.82
178395.80,30,3,6,1228.50,749.88,957.75,791.24,273.89
178929.20,31,3,7,1417.50,749.88,481.34,888.97,946.44
178962.40,31,3,7,1417.50,749.88,483.61,893.85,944.92
178995.20,31,3,7,1417.50,749.88,487.90,896.26,941.05
179024.30,31,3,7,1417.50,749.88,493.65,897.34,935.55
179056.20,31,3,7,1417.50,749.88,499.14,896.85,930.04
179086.10,31,3,7,1417.50,749.88,500.62,895.78,928.42
179114.20,31,3,7,1417.50,749.88,500.62,895.78,928.42
179172.50,31,3,7,1417.50,749.88,412.86,827.98,1007.67
179202.60,31,3,7,1417.50,749.88,428.59,817.04,991.19
179230.70,31,3,7,1417.50,749.88,430.05,820.64,989.98
179261.20,31,3,7,1417.50,749.88,443.36,820.96,976.73
179289.50,31,3,7,1417.50,749.88,455.17,821.37,964.98
179320.20,31,3,7,1417.50,749.88,466.71,822.00,953.52
179348.60,31,3,7,1417.50,749.88,476.69,822.25,943.59
179379.50,31,3,7,1417.50,749.88,482.80,821.49,937.44
179411.70,31,3,7,1417.50,749.88,487.40,820.48,932.77
179439.90,31,3,7,1417.50,749.88,491.33,819.62,928.79
179472.80,31,3,7,1417.50,749.88,495.25,818.65,924.81
179502.50,31,3,7,1417.50,749.88,500.17,817.73,919.83
179531.00,31,3,7,1417.50,749.88,504.93,816.59,915.01
179560.60,31,3,7,1417.50,749.88,504.93,816.59,915.01
179588.90,31,3,7,1417.50,749.88,512.81,815.97,907.10
179618.80,31,3,7,1417.50,749.88,519.56,815.56,900.34
179647.70,31,3,7,1417.50,749.88,524.88,815.18,895.00
179678.20,31,3,7,1417.50,749.88,528.98,814.97,890.90
179706.70,31,3,7,1417.50,749.88,532.12,815.04,887.78
179738.30,31,3,7,1417.50,749.88,532.12,815.04,887.78
179797.10,31,3,7,1417.50,749.88,449.95,819.14,970.03
179827.10,31,3,7,1417.50,749.88,414.65,819.13,1005.24
179856.10,31,3,7,1417.50,749.88,424.37,818.67,995.51
179885.70,31,3,7,1417.50,749.88,418.22,818.74,1001.65
179913.60,31,3,7,1417.50,749.88,414.18,819.07,1005.70

# --- per-cell summary ---
cell_index,cell_row,cell_col,target_x,target_y,sample_count,mean_error_px,median_error_px,p95_error_px,centroid_x,centroid_y,hit
0,0,0,94.50,107.13,25,536.25,533.25,569.12,24.87,630.39,0
1,0,1,283.50,107.13,23,615.72,610.87,638.12,194.92,648.28,0
2,0,2,472.50,107.13,29,612.21,577.40,689.66,368.98,696.06,0
3,0,3,661.50,107.13,27,733.43,731.98,759.28,584.36,834.10,0
4,0,4,850.50,107.13,35,723.08,719.83,748.74,772.25,824.42,0
5,0,5,1039.50,107.13,33,811.13,804.74,809.13,830.42,884.50,0
6,0,6,1228.50,107.13,35,857.24,858.24,862.40,898.50,898.05,0
7,0,7,1417.50,107.13,33,925.01,931.08,938.95,839.18,828.03,0
8,1,0,94.50,321.38,34,338.65,338.88,343.36,89.60,659.12,0
9,1,1,283.50,321.38,28,404.44,397.05,452.02,242.25,694.97,0
10,1,2,472.50,321.38,33,426.80,428.20,431.28,337.30,722.58,0
11,1,3,661.50,321.38,34,492.56,494.45,498.93,388.91,731.61,0
12,1,4,850.50,321.38,34,594.52,597.02,606.15,501.88,798.35,0
13,1,5,1039.50,321.38,30,641.09,666.54,700.59,650.22,814.81,0
14,1,6,1228.50,321.38,34,776.35,777.12,811.04,662.46,851.97,0
15,1,7,1417.50,321.38,29,871.65,849.39,904.09,720.91,840.33,0
16,2,0,94.50,535.63,31,405.91,385.88,511.09,464.05,696.28,0
17,2,1,283.50,535.63,30,194.13,188.31,288.98,222.97,707.35,0
18,2,2,472.50,535.63,32,253.25,255.47,262.27,380.45,756.87,0
19,2,3,661.50,535.63,30,300.85,287.89,330.28,617.43,820.85,0
20,2,4,850.50,535.63,23,365.64,366.40,451.00,603.78,781.70,0
21,2,5,1039.50,535.63,21,413.26,417.90,509.04,729.99,752.65,0
22,2,6,1228.50,535.63,20,564.15,585.46,934.20,750.08,794.87,0
23,2,7,1417.50,535.63,16,493.65,490.10,502.04,982.24,762.67,0
24,3,0,94.50,749.88,25,266.71,235.65,546.24,346.12,672.60,0
25,3,1,283.50,749.88,31,145.02,156.32,173.56,270.51,725.75,1
26,3,2,472.50,749.88,30,157.11,160.27,199.00,347.87,730.98,0
27,3,3,661.50,749.88,29,299.44,352.87,395.14,398.91,852.70,0
28,3,4,850.50,749.88,31,441.55,439.73,532.25,441.28,910.50,0
29,3,5,1039.50,749.88,26,472.28,381.53,891.78,595.81,894.04,0
30,3,6,1228.50,749.88,21,642.70,743.97,840.11,597.03,863.54,0
31,3,7,1417.50,749.88,32,943.85,936.49,1005.24,478.09,835.46,0
